packet_id,layer,study,pmid,field_to_extract,source_abstract,human_label
EXT_000,extraction,Association of GLP-1 receptor agonist use with psychiatric outcomes in adults with ty,41386528.0,outcome_category,"In a real-world target trial emulation, GLP-1 receptor agonist initiation was not associated with increased risk of most psychiatric disorders compared with SGLT2i or DPP4i use, though a modest association with anxiety disorder was observed. Findings suggest the psychiatric safety of GLP-1RAs warrants further investigation.",
EXT_001,extraction,Neuropsychiatric association of tirzepatide and semaglutide in obesity with and witho,42373755.0,effect_est,"BACKGROUND: Neuropsychiatric outcomes after starting newer anti-obesity medicines remain uncertain in routine care. We evaluate associations between initiation of tirzepatide or semaglutide and incident neuropsychiatric diagnoses in people with obesity, stratified by type 2 diabetes (T2D). METHODS: Using a United States electronic health record network (2020-2025), we identified adults with obesity who newly started tirzepatide or semaglutide and matched them one-to-one to new users of naltrexone-bupropion, phentermine, or phentermine-topiramate. We modeled the time to first recorded diagnosis over 24 months; bariatric surgery recipients were examined as a contextual comparator. Confidence intervals are 95%. RESULTS: Here we show that, versus naltrexone-bupropion, semaglutide is associated with lower hazards of anxiety disorder in adults with T2D (hazard ratio 0.67, 0.51-0.87) and without T2D (0.73, 0.64-0.83), and lower hazards of depression in both strata (with T2D: 0.69, 0.50-0.95; without T2D: 0.53, 0.45-0.61). Tirzepatide versus naltrexone-bupropion is associated with lower hazard ratios for anxiety disorder (with T2D: 0.55, 0.40-0.76; without T2D: 0.78, 0.68-0.89) and depression (with T2D: 0.49, 0.33-0.72; without T2D: 0.57, 0.49-0.66). In adults without T2D, tirzepatide versus semaglutide is associated with higher hazards of anxiety disorder (1.12, 1.06-1.18) and insomnia (1.13, 1.05-1.21). CONCLUSIONS: Initiation of tirzepatide and semaglutide is associated with differing hazard patterns across prescription comparators, with bariatric surgery providing additional context. These findings inform monitoring and shared decisions, while remaining subject to residual confounding and diagnosis misclassification.",
EXT_002,extraction,Glucagon-Like Peptide-1 Receptor Agonists and Risk of Mental Health Disorders in Type,42380063.0,ci_high,"AIMS: We evaluated the risk of mental health disorders among glucagon-like peptide-1 receptor agonist (GLP1RA) users compared with users of dipeptidyl peptidase-4 (DPP-4) inhibitors and sodium-glucose cotransporter-2 (SGLT2) inhibitors. MATERIALS AND METHODS: We conducted a nationwide, active-comparator new-user cohort study using the Korean claims database from 2012 to 2022. Patients aged ≥ 18 years who initiated GLP1RAs, SGLT2 inhibitors, or DPP4 inhibitors for type 2 diabetes were included. We compared the hazard ratios (HRs) and 95% confidence intervals (CIs) for depression, anxiety, sleep disorders, and suicide using the Cox proportional hazards models after propensity score matching. RESULTS: The 18 825 GLP1RA users were matched with 623 750 SGLT2 inhibitor users, and 5762 GLP1RA users with 874 902 inhibitor users. Compared with DPP4 inhibitors, GLP1RAs were not associated with increased risks of depression (HR 1.00 [95% CI, 0.83-1.20]), anxiety (0.92 [0.77-1.08]), or sleep disorder (1.14 [0.97-1.33]). In contrast, compared with SGLT2 inhibitors, GLP1RA use was associated with higher risks of depression (1.20 [1.09-1.31]) and anxiety (1.09 [1.00-1.19]). Suicidality events were rare and not observed among GLP1RA users. CONCLUSIONS: Initiation of GLP1RAs was not associated with increased risk of mental health disorders compared with DPP4 inhibitors. Differences in the risk of depression and anxiety were observed compared with SGLT2 inhibitors. These findings suggest that psychiatric safety signals may vary by active comparator and provide real-world evidence on the psychiatric safety of GLP-1-based therapies. Further studies incorporating detailed clinical data and high-risk subgroups are needed to clarify underlying mechanisms.",
EXT_003,extraction,GLP-1 receptor agonists and risk of suicide or suicide attempts - A nationwide cohort,42000905.0,ci_high,"The European Medicines Agency (EMA) and the U.S. Food and Drug Administration (FDA) have raised concerns about a potential link between glucagon-like peptide-1 receptor agonists (GLP-1 RAs) and suicide or suicide attempts. We conducted two new-user, active comparator cohort studies. The GLP1-RAs vs sodium-glucose cotransporter-2 (SGLT-2) inhibitors cohort included new users of GLP-1 RAs (n = 83,464) or SGLT-2 inhibitors (n = 78,366), and the GLP1-RAs vs dipeptidyl peptidase-4 (DPP-4) inhibitors cohort included new users of GLP-1 RAs (n = 108,322) or DPP-4 inhibitors (n = 55,411). We also employed a self-controlled case series design to compare suicide, or suicide attempts before and after GLP-1 RA treatment initiation across three time periods. In the cohort analyses patients who initiated GLP-1 RAs did not differ in the hazard ratio (HR) for suicide or suicide attempts from SGLT-2 inhibitor users (HR: 0.93; 95% CI: 0.57-1.52), and GLP-1 RA users had a lower risk of suicide or suicide attempts compared with DPP-4 inhibitor users (HR: 0.58; 95% CI: 0.37-0.91). In the self-controlled case series design, use of GLP-1 RAs was associated with a lower incidence rate ratio (IRR) of suicide or suicide attempts one year after treatment initiation (IRR: 0.45; 95% CI: 0.10-0.50) and 13-24 months after treatment initiation compared with pretreatment. This study showed that use of GLP-1 RAs was not associated with increased incidence of suicide or suicide attempts in either the active comparator new-user design or in the self-controlled case series design.",
EXT_004,extraction,"Association of glucagon-like peptide-1 receptor agonist use with anxiety disorders, d",41592697.0,effect_est,"AIMS: This study examines the incidence of anxiety disorders, depression, self-harm, and suicidality after treatment initiation with antihyperglycemic medications in patients with type 2 diabetes (T2D) who take metformin as first-line treatment. METHODS: A large cohort study was conducted using TriNetX electronic health records andincluded adults (≥18 years) with T2D who used metformin and initiated GLP-1 RAs, SGLT2i, DPP4i, or SU between 1 April 2013 and 31 December 2019. RESULTS: The final three propensity-matched cohorts were 1) GLP-1 RA vs DPP4i (n = 28,536), 2) GLP-1 RA vs SU (n = 23,486), and 3) GLP-1 RA vs SGLT2i (n = 24,052). In a median follow-up of 5.5 years, GLP-1 RAs were associated with a higher risk of depression compared to SGLT2i (HR 1.19, 95% CI 1.11-1.28), and DPP4i (HR 1.06, 95% CI 1.00-1.13) but not SU. Anxiety disorder risk was also higher for GLP-1 RAs versus SGLT2i (HR 1.09, 95% CI 1.02- 1.16) and DPP4i (HR 1.07, 95% CI 1.02-1.13) but not SU. On the contrary, GLP-1 RAs were associated with a lower risk for suicidal ideation in comparison with SU (HR 0.62, 95% CI 0.44-0.87). CONCLUSIONS: GLP-1 RAs were associated with a higher risk of anxiety disorders and depression, but no difference in suicidality or self-harm in comparison to SGLT2i, DPP4i, and lower suicidality risk compared to SU.",
EXT_005,extraction,Glucagon-like peptide-1 receptor agonists and risk of substance use disorders among U,41781010.0,direction,"OBJECTIVES: To investigate whether initiation of glucagon-like peptide-1 (GLP-1) receptor agonists is associated with both reduced risks of incident alcohol, cannabis, cocaine, nicotine, opioid, and other substance use disorders (SUDs) in people with no history of SUDs (protocol 1) and with reduced risk of SUD related adverse clinical outcomes among people with a pre-existing SUD (protocol 2). DESIGN: Emulation of eight parallel, new user, active comparator target trials using electronic health records: seven trials for each incident SUD outcome (protocol 1) and one trial for adverse outcomes in people with pre-existing SUD (protocol 2). SETTING: US Department of Veterans Affairs. PARTICIPANTS: From a base population of 606 434 US veterans with type 2 diabetes, participants were assigned to one of the two protocols and followed for up to three years. Trial 1 (primary trial) of protocol 1 included 524 817 initiators of GLP-1 receptor agonists (n=124 001) or sodium-glucose cotransporter-2 (SGLT-2) inhibitors (n=400 816). Protocol 2 included 81 617 initiators of GLP-1 receptor agonists (n=16 768) and SGLT-2 inhibitors (n=64 849). MAIN OUTCOME MEASURES: Incident outcomes were alcohol, cannabis, cocaine, nicotine, opioid, other SUDs, and a composite of these outcomes. Adverse outcomes among participants with pre-existing SUDs included SUD related emergency department visits, SUD related hospital admissions, and SUD related mortality, and drug overdose and suicidal ideation or attempt. Hazard ratios and net three year risk difference (NRD) per 1000 people were reported based on inverse probability weighted (standardised mortality ratio weighted) cause specific Cox survival models. RESULTS: Compared with initiation of SGLT-2 inhibitors, initiation of GLP-1 receptor agonists was associated with reduced risk of disorders related to alcohol use (hazard ratio 0.82 (95% confidence interval (CI) 0.78 to 0.85); NRD per 1000 people -5.57 (-6.61 to -4.53)), cannabis use (0.86 (0.81 to 0.90), NRD -2.25 (-3.00 to -1.50)), cocaine use (0.80 (0.72 to 0.88), NRD -0.97 (-1.37 to -0.57)), nicotine use (0.80 (0.74 to 0.87), NRD -1.64 (-2.19 to -1.09)), and opioid use (0.75 (0.67 to 0.85), NRD -0.86 (-1.19 to -0.52)), and other SUDs (0.87 (0.81 to 0.94), NRD -1.12 (-1.68 to -0.55)) and composite outcome of all incident SUDs (0.86 (0.83 to 0.88), NRD -6.61 (-7.95 to -5.26)). Among people with pre-existing SUDs, initiation of GLP-1 receptor agonists was associated with reduced risk of SUD related emergency department visits (0.69 (0.61 to 0.78), NRD -8.92 (-11.59 to -6.25)), SUD related hospital admissions (0.74 (0.65 to 0.85), NRD -6.23 (-8.73 to -3.74)), and SUD related mortality (0.50 (0.32 to 0.79), NRD -1.52 (-2.32 to -0.72)), and drug overdose (0.61 (0.42 to 0.88), NRD -1.49 (-2.43 to -0.55)) and suicidal ideation or attempt (0.75 (0.67 to 0.83), NRD -9.95 (-13.14 to -6.77)). Analyses of treatment adherence showed directionally consistent results with analyses of treatment initiation for both incident SUDs and adverse outcomes among participants with pre-existing SUDs. CONCLUSIONS: Use of GLP-1 receptor agonists was consistently associated with reduced risks of developing various incident SUDs, suggesting a broad preventive effect across multiple substance types. Use was also associated with reduced risks of adverse clinical outcomes in people with pre-existing SUDs. These observational data suggest a potential role for GLP-1 receptor agonists in both the prevention and the treatment of various SUDs, warranting further evaluation.",
EXT_006,extraction,Association between Symptoms of Depression and Generalised Anxiety Disorder Evaluated,39125320.0,outcome_category,"Obesity impacts mental health greatly. Psychological factors may influence the effectiveness of its treatment. This study aimed to compare symptoms of generalised anxiety disorder and depression among adult women across different weight categories. The study sample comprised 1105 adult women. The computer-assisted web interview (CAWI) utilising the seven-item Generalised Anxiety Disorders Scale (GAD-7) and the nine-item Patient Health Questionnaire (PHQ-9) was used. Both GAD-7 and PHQ-9 scores correlated positively with BMI (r = 0.121, p < 0.001 and r = 0.173, p < 0.001, respectively) and negatively with age (r = -0.106, p < 0.001 and r = -0.103, p < 0.001, respectively). Patients undergoing treatment with semaglutide scored lower for both anxiety symptoms (8.71 ± 6.16, p = 0.013) and depression symptoms (9.76 ± 6.37, p = 0.013). Women who underwent bariatric surgery screened less frequently for anxiety (8.03 ± 6.27, p = 0.002) but not for depression. An interdisciplinary approach involving mental health professionals within the therapeutic team can comprehensively address factors contributing to obesity development and treatment outcomes. Further investigation of semaglutide's use is needed due to the promising evidence suggesting a positive effect on decreasing the severity of depression and anxiety symptoms to assess the direct or indirect character of this influence.",
EXT_007,extraction,Comparison of Effects of Glucagon-Like Peptide-1 Receptor Agonists Compared to Long-A,40124098.0,direction,"AIM: This study aimed to investigate the impact of glucagon-like peptide-1 receptor agonists (GLP-1RAs) on individuals with type 2 diabetes (T2DM) by comparing self-management behaviors, anxiety, and sleep quality in T2DM patients. METHODS: This is a single-center prospective study. During the patients' hospitalization, we collected their clinical data, and three months after discharge, we conducted follow-up by phone to record weight changes, blood glucose levels, self-management behaviors, anxiety levels, and sleep quality. RESULTS: A total of 271 patients were included in this study. Among them, 177 (65.31%) were classified into the oral drug combined with long-acting insulin group, and 94 (34.69%) were classified into the oral drug combined with GLP-1RAs group. No statistically significant differences were found between the two groups in age, duration of diabetes, comorbidities, complications, or types of oral medications (P> 0.05). However, significant differences were observed between the groups in postprandial blood glucose, glycated hemoglobin, dietary control, medication adherence, actual anxiety, and sleep time (P<0.05). Notably, the oral medication combined with GLP-1RAs group demonstrated improved dietary control, medication adherence, anxiety and actual sleep time compared to the oral medication combined with long-acting insulin group. CONCLUSION: In this 3-month study, there were statistically significant differences in HbA1c, post-prandial glucose, weight, for self-management behaviors, for dietary control, medication adherence, anxiety, and actual sleep time in T2DM patients. The findings suggest that GLP-1 RA may contribute to the improvement of dietary behaviors, medication adherence, anxiety, and sleep quality in addition to weight and glycemic control in T2DM patients.",
EXT_008,extraction,Neuropsychiatric association of tirzepatide and semaglutide in obesity with and witho,42373755.0,ci_low,"BACKGROUND: Neuropsychiatric outcomes after starting newer anti-obesity medicines remain uncertain in routine care. We evaluate associations between initiation of tirzepatide or semaglutide and incident neuropsychiatric diagnoses in people with obesity, stratified by type 2 diabetes (T2D). METHODS: Using a United States electronic health record network (2020-2025), we identified adults with obesity who newly started tirzepatide or semaglutide and matched them one-to-one to new users of naltrexone-bupropion, phentermine, or phentermine-topiramate. We modeled the time to first recorded diagnosis over 24 months; bariatric surgery recipients were examined as a contextual comparator. Confidence intervals are 95%. RESULTS: Here we show that, versus naltrexone-bupropion, semaglutide is associated with lower hazards of anxiety disorder in adults with T2D (hazard ratio 0.67, 0.51-0.87) and without T2D (0.73, 0.64-0.83), and lower hazards of depression in both strata (with T2D: 0.69, 0.50-0.95; without T2D: 0.53, 0.45-0.61). Tirzepatide versus naltrexone-bupropion is associated with lower hazard ratios for anxiety disorder (with T2D: 0.55, 0.40-0.76; without T2D: 0.78, 0.68-0.89) and depression (with T2D: 0.49, 0.33-0.72; without T2D: 0.57, 0.49-0.66). In adults without T2D, tirzepatide versus semaglutide is associated with higher hazards of anxiety disorder (1.12, 1.06-1.18) and insomnia (1.13, 1.05-1.21). CONCLUSIONS: Initiation of tirzepatide and semaglutide is associated with differing hazard patterns across prescription comparators, with bariatric surgery providing additional context. These findings inform monitoring and shared decisions, while remaining subject to residual confounding and diagnosis misclassification.",
EXT_009,extraction,GLP-1 receptor agonists and risk of suicide or suicide attempts - A nationwide cohort,42000905.0,effect_est,"The European Medicines Agency (EMA) and the U.S. Food and Drug Administration (FDA) have raised concerns about a potential link between glucagon-like peptide-1 receptor agonists (GLP-1 RAs) and suicide or suicide attempts. We conducted two new-user, active comparator cohort studies. The GLP1-RAs vs sodium-glucose cotransporter-2 (SGLT-2) inhibitors cohort included new users of GLP-1 RAs (n = 83,464) or SGLT-2 inhibitors (n = 78,366), and the GLP1-RAs vs dipeptidyl peptidase-4 (DPP-4) inhibitors cohort included new users of GLP-1 RAs (n = 108,322) or DPP-4 inhibitors (n = 55,411). We also employed a self-controlled case series design to compare suicide, or suicide attempts before and after GLP-1 RA treatment initiation across three time periods. In the cohort analyses patients who initiated GLP-1 RAs did not differ in the hazard ratio (HR) for suicide or suicide attempts from SGLT-2 inhibitor users (HR: 0.93; 95% CI: 0.57-1.52), and GLP-1 RA users had a lower risk of suicide or suicide attempts compared with DPP-4 inhibitor users (HR: 0.58; 95% CI: 0.37-0.91). In the self-controlled case series design, use of GLP-1 RAs was associated with a lower incidence rate ratio (IRR) of suicide or suicide attempts one year after treatment initiation (IRR: 0.45; 95% CI: 0.10-0.50) and 13-24 months after treatment initiation compared with pretreatment. This study showed that use of GLP-1 RAs was not associated with increased incidence of suicide or suicide attempts in either the active comparator new-user design or in the self-controlled case series design.",
EXT_010,extraction,12-month neurological and psychiatric outcomes of semaglutide use for type 2 diabetes,39764175.0,outcome_category,"BACKGROUND: While semaglutide, approved for type-2 diabetes mellitus (T2DM), is being investigated as a treatment for brain disorders, concerns over adverse neuropsychiatric events have emerged. More data are therefore needed to assess the effects of semaglutide on brain health. This study provides robust estimates of the risk of neurological and psychiatric outcomes following semaglutide use compared to three other antidiabetic medications. METHODS: This retrospective cohort study used electronic health records from TriNetX US Collaborative Network, covering >100 million patients in the USA. Due to the exploratory nature of this study, we did not use a pre-registered protocol or statistical analysis plan. Three cohorts with T2DM prescribed semaglutide between 1st December 2017 and 31st May 2021 were propensity-score matched (1:1 using a greedy nearest-neighbour algorithm with calliper distance of 0.1) with cohorts receiving sitagliptin, empagliflozin, and glipizide. Using Cox regression analysis, we compared the risks of 22 neurological and psychiatric outcomes within one year since the index prescription: encephalitis, parkinsonism, cognitive deficit, dementia, epilepsy/seizure, migraine, insomnia, nerve disorder, myoneural junction/muscle disease, intracranial haemorrhage, ischaemic stroke, alcohol misuse, opioid misuse, cannabis misuse, stimulants misuse, nicotine misuse, psychosis, bipolar disorder, depression, anxiety, obsessive-compulsive disorder, and suicidality. Negative control outcomes (NCOs) were used to assess unmeasured confounding. FINDINGS: Each matched cohort included 23,386 (semaglutide vs sitagliptin), 22,584 (vs empagliflozin), and 19,206 (vs glipizide) patients. Semaglutide was not associated with an increased risk of neurological and psychiatric outcomes. Instead, after multiple-testing correction, semaglutide was associated with reduced risk for several such outcomes, notably cognitive deficit compared to sitagliptin (HR 0.72, 95% CI 0.64-0.80) and glipizide (HR 0.72, 95% CI 0.63-0.81), dementia compared to sitagliptin (HR 0.52, 95% CI 0.40-0.68), and nicotine misuse across most comparisons (HR 0.72, 95% CI 0.61-0.85 against glipizide; HR 0.77, 95% CI 0.65-0.90 against empagliflozin; HR 0.82, 95% CI 0.70-0.95 against sitagliptin, though the latter was no longer statistically significant after adjustment for multiple comparisons). Empagliflozin showed fewest differences from semaglutide. No differences in NCOs were observed between cohorts. INTERPRETATION: Semaglutide is not associated with higher 12-month risk of adverse neuropsychiatric outcomes compared to other antidiabetic medications. Potential beneficial associations with some outcomes, especially cognitive deficit and nicotine misuse, should stimulate validation in clinical trials. FUNDING: National Institute for Health Research (NIHR) Oxford Health Biomedical Research Centre, Medical Research Council.",
EXT_011,extraction,Glucagon-Like Peptide-1 Use and Healthcare Resource Utilization for Depression and An,40439835.0,outcome_category,"Mental health disorders, including depression and anxiety, are common comorbidities in individuals with type 2 diabetes mellitus (T2DM), contributing to increased healthcare resource utilization (HCRU) and the financial burden of the disease. Glucagon-like peptide-1 receptor agonists (GLP-1RAs) are commonly used for T2DM management, and emerging evidence suggests they may help alleviate mental health symptoms. This study examined the association between GLP-1RA (versus DPP-4 inhibitor [DPP-4i]) initiation and mental health-related HCRU in T2DM patients. Using data from the Komodo Healthcare Map, a national database of pharmacy and medical claims, this study conducted a retrospective cohort analysis with 774,968 adults who initiated GLP-1RAs or DPP-4i between January 2019 and March 2022. Patients were followed for 12 months, and mental health-related HCRU (emergency department, inpatient, outpatient hospital, and office visits) for depression and anxiety was assessed. A difference-in-differences analysis compared HCRU before and after medication initiation, adjusting for sociodemographic and clinical variables. GLP-1RA use was associated with significant reductions in outpatient hospital visits (IRR: 0.96; 95% CI: 0.95-0.98) for depression, and office visits for depression (IRR: 0.87; 95% CI: 0.82-0.92) and anxiety (IRR: 0.85; 95% CI: 0.81-0.90) compared to DPP-4i. However, no significant changes were observed in emergency or inpatient visits. Reductions were more pronounced with semaglutide, liraglutide, and dulaglutide. These findings suggest that GLP-1RAs may help reduce depression- and anxiety-related HCRU in patients with T2DM, indicating potential benefits beyond glycemic control. Further research is needed to explore long-term outcomes and the cost-effectiveness of GLP-1RAs for managing mental health comorbidities.",
EXT_012,extraction,Risk of suicidal ideation and suicidality among adults prescribed semaglutide for wei,40760781.0,ci_low,"AIMS: To evaluate the risk of incident suicidal ideation (SI) and suicidality (SI, suicide attempt or intentional self-harm) among overweight or obese adults who were prescribed semaglutide for weight management compared with active comparators (weight management drugs: bupropion/naltrexone, orlistat, phentermine or phentermine/topiramate). MATERIALS AND METHODS: Using the Merative® MarketScan Databases, we conducted a retrospective cohort study of adults initiating semaglutide or an active comparator between 01 June 2021, and 31 December 2022. Patients were required to have ≥1 year of continuous health and pharmacy plan coverage, a diagnosis of overweight or obesity, no prior suicidality or type 2 diabetes, and new users of semaglutide or active comparators for inclusion. SI and suicidality were identified using diagnosis codes within 183 days of drug initiation. Kaplan-Meier analysis was used to estimate risks, risk differences (RDs), and risk ratios (RRs), controlling for confounding with standardized mortality ratio weights. RESULTS: Among 16 822 semaglutide and 11 986 active comparator new users, the adjusted risk of incident SI was 0.08% (13.0 events) for semaglutide and 0.05% (8.9 events) for active comparators, and for incident suicidality was 0.08% (14.0 events) for semaglutide and 0.07% (11.0 events) for active comparators. Adjusted RDs were 0.02% (95% CI: [-0.02%, 0.07%]) for SI and 0.02% (-0.03%, 0.07%) for suicidality, with corresponding RRs of 1.36 (0.62, 6.14) and 1.18 (0.57, 3.63). CONCLUSION: Among patients initiating semaglutide for weight management, semaglutide did not appear to increase the risk of suicide-related outcomes. However, the CIs of the RDs are compatible with a 0.07% increase in 6-month risk and the true RD could be larger due to the potentially low sensitivity of ICD-10 diagnosis codes for and underreporting of suicide-related outcomes. Additional studies are critical to confirm these findings and obtain more precise estimates of any potential benefits or harms of semaglutide.",
EXT_013,extraction,Glucagon-Like Peptide-1 Receptor Agonists and Risk of Mental Health Disorders in Type,42380063.0,effect_est,"AIMS: We evaluated the risk of mental health disorders among glucagon-like peptide-1 receptor agonist (GLP1RA) users compared with users of dipeptidyl peptidase-4 (DPP-4) inhibitors and sodium-glucose cotransporter-2 (SGLT2) inhibitors. MATERIALS AND METHODS: We conducted a nationwide, active-comparator new-user cohort study using the Korean claims database from 2012 to 2022. Patients aged ≥ 18 years who initiated GLP1RAs, SGLT2 inhibitors, or DPP4 inhibitors for type 2 diabetes were included. We compared the hazard ratios (HRs) and 95% confidence intervals (CIs) for depression, anxiety, sleep disorders, and suicide using the Cox proportional hazards models after propensity score matching. RESULTS: The 18 825 GLP1RA users were matched with 623 750 SGLT2 inhibitor users, and 5762 GLP1RA users with 874 902 inhibitor users. Compared with DPP4 inhibitors, GLP1RAs were not associated with increased risks of depression (HR 1.00 [95% CI, 0.83-1.20]), anxiety (0.92 [0.77-1.08]), or sleep disorder (1.14 [0.97-1.33]). In contrast, compared with SGLT2 inhibitors, GLP1RA use was associated with higher risks of depression (1.20 [1.09-1.31]) and anxiety (1.09 [1.00-1.19]). Suicidality events were rare and not observed among GLP1RA users. CONCLUSIONS: Initiation of GLP1RAs was not associated with increased risk of mental health disorders compared with DPP4 inhibitors. Differences in the risk of depression and anxiety were observed compared with SGLT2 inhibitors. These findings suggest that psychiatric safety signals may vary by active comparator and provide real-world evidence on the psychiatric safety of GLP-1-based therapies. Further studies incorporating detailed clinical data and high-risk subgroups are needed to clarify underlying mechanisms.",
EXT_014,extraction,Glucagon-Like Peptide-1 Receptor Agonists and Risk of Mental Health Disorders in Type,42380063.0,ci_low,"AIMS: We evaluated the risk of mental health disorders among glucagon-like peptide-1 receptor agonist (GLP1RA) users compared with users of dipeptidyl peptidase-4 (DPP-4) inhibitors and sodium-glucose cotransporter-2 (SGLT2) inhibitors. MATERIALS AND METHODS: We conducted a nationwide, active-comparator new-user cohort study using the Korean claims database from 2012 to 2022. Patients aged ≥ 18 years who initiated GLP1RAs, SGLT2 inhibitors, or DPP4 inhibitors for type 2 diabetes were included. We compared the hazard ratios (HRs) and 95% confidence intervals (CIs) for depression, anxiety, sleep disorders, and suicide using the Cox proportional hazards models after propensity score matching. RESULTS: The 18 825 GLP1RA users were matched with 623 750 SGLT2 inhibitor users, and 5762 GLP1RA users with 874 902 inhibitor users. Compared with DPP4 inhibitors, GLP1RAs were not associated with increased risks of depression (HR 1.00 [95% CI, 0.83-1.20]), anxiety (0.92 [0.77-1.08]), or sleep disorder (1.14 [0.97-1.33]). In contrast, compared with SGLT2 inhibitors, GLP1RA use was associated with higher risks of depression (1.20 [1.09-1.31]) and anxiety (1.09 [1.00-1.19]). Suicidality events were rare and not observed among GLP1RA users. CONCLUSIONS: Initiation of GLP1RAs was not associated with increased risk of mental health disorders compared with DPP4 inhibitors. Differences in the risk of depression and anxiety were observed compared with SGLT2 inhibitors. These findings suggest that psychiatric safety signals may vary by active comparator and provide real-world evidence on the psychiatric safety of GLP-1-based therapies. Further studies incorporating detailed clinical data and high-risk subgroups are needed to clarify underlying mechanisms.",
EXT_015,extraction,"Glucagon-like peptide-1 receptor agonists and reduced mortality, cardiovascular and p",40897378.0,outcome_category,"BACKGROUND: Psoriasis is associated with a significant comorbidity burden, especially cardiovascular and metabolic complications. Glucagon-like peptide-1 receptor agonists (GLP-1RAs), such as semaglutide, used to treat obesity and diabetes, could potentially reduce comorbidities in patients with psoriasis. OBJECTIVES: To investigate all-cause mortality, cardiovascular, inflammatory and psychiatric outcomes, and adverse events in patients with psoriasis treated with GLP-1RAs. METHODS: This retrospective population-based cohort study used real-world data from the US TriNetX database. Patients with psoriasis who were treated for diabetes or obesity with a GLP-1RA during the follow-up period of 2 years were compared with those treated with other systemic antidiabetic or antiobesity drugs. After 1 : 1 propensity score matching for relevant risk factors, 3048 participants were included in each cohort. Primary outcomes included the risk of cardiometabolic, psychiatric and autoimmune sequelae of psoriasis, as well as all-cause mortality and potential adverse drug events. The analysis was repeated using cohorts without psoriasis and the results were further validated through two sensitivity analyses involving (i) later follow-up periods or (ii) the exclusion of patients with pustular psoriasis. RESULTS: In the matched cohorts of 3048 patients with psoriasis treated with a GLP-1RA [60.4% women, mean (SD) age 56.94 (12.02) years] vs. other antidiabetic and antiobesity drugs [61.9% women, mean (SD) age 56.42 (14.16) years], GLP-1RA treatment was associated with significantly decreased all-cause mortality [hazard ratio (HR) 0.219, 95% confidence interval (CI) 0.123-0.391; P < 0.001] and reduced risk of major adverse cardiac events (HR 0.561, 95% CI 0.442-0.714; P < 0.001). Additionally, lower risks for alcohol (HR 0.346, 95% CI 0.174-0.685; P = 0.009) and substance abuse (HR 0.510, 95% CI 0.350-0.743; P = 0.002) were found. Typical adverse drug events were not more frequent in the GLP-1RA cohort. The risk reductions were more pronounced in the cohorts with psoriasis than in those with obesity or diabetes without psoriasis. The findings were consistent across all sensitivity analyses. CONCLUSIONS: GLP-1RA treatment was safe and associated with reduced risks of cardiovascular and psychiatric comorbidities, as well as lower mortality in patients with psoriasis, with risk reductions markedly higher than in cohorts without psoriasis. Physicians should consider this drug class for patients with psoriasis and comorbid obesity or diabetes.",
EXT_016,extraction,Neuropsychiatric association of tirzepatide and semaglutide in obesity with and witho,42373755.0,outcome_category,"BACKGROUND: Neuropsychiatric outcomes after starting newer anti-obesity medicines remain uncertain in routine care. We evaluate associations between initiation of tirzepatide or semaglutide and incident neuropsychiatric diagnoses in people with obesity, stratified by type 2 diabetes (T2D). METHODS: Using a United States electronic health record network (2020-2025), we identified adults with obesity who newly started tirzepatide or semaglutide and matched them one-to-one to new users of naltrexone-bupropion, phentermine, or phentermine-topiramate. We modeled the time to first recorded diagnosis over 24 months; bariatric surgery recipients were examined as a contextual comparator. Confidence intervals are 95%. RESULTS: Here we show that, versus naltrexone-bupropion, semaglutide is associated with lower hazards of anxiety disorder in adults with T2D (hazard ratio 0.67, 0.51-0.87) and without T2D (0.73, 0.64-0.83), and lower hazards of depression in both strata (with T2D: 0.69, 0.50-0.95; without T2D: 0.53, 0.45-0.61). Tirzepatide versus naltrexone-bupropion is associated with lower hazard ratios for anxiety disorder (with T2D: 0.55, 0.40-0.76; without T2D: 0.78, 0.68-0.89) and depression (with T2D: 0.49, 0.33-0.72; without T2D: 0.57, 0.49-0.66). In adults without T2D, tirzepatide versus semaglutide is associated with higher hazards of anxiety disorder (1.12, 1.06-1.18) and insomnia (1.13, 1.05-1.21). CONCLUSIONS: Initiation of tirzepatide and semaglutide is associated with differing hazard patterns across prescription comparators, with bariatric surgery providing additional context. These findings inform monitoring and shared decisions, while remaining subject to residual confounding and diagnosis misclassification.",
EXT_017,extraction,Decreased Risk of Anxiety in Diabetic Patients Receiving Glucagon-like Peptide-1 Rece,35281896.0,direction,"Background: Previous findings on using Glucagon-like peptide-1 receptor agonist (GLP1-RA) as an antidepressant were conflicting, lacking large-scale studies. We used population-based data to investigate depression and anxiety risk in diabetic patients receiving the medication. Methods: From claims records of the National Health Insurance Research Database (NHIRD) of Taiwan, we identified cohorts of 10,690 GLP1-RA users and 42,766 propensity score-matched patients without GLP1-RA use from patients with diabetes mellitus (DM) diagnosed in 2011-2017, matched by age, gender, index year, occupation, urbanization, comorbidities, and medications. Incidence, hazard ratios (HR) and 95% confidence interval (CI) of depression and/or anxiety were estimated by the end of 2017. Results: The overall combined incidence of anxiety and/or depression was lower in GLP1-RA users than in non-users (6.80 versus 9.36 per 1,000 person-years), with an adjusted HR adjusted hazard ratio (aHR) of 0.8 (95% CI: 0.67-0.95) after controlling for covariates. The absolute incidence reduction was greater in anxiety (2.13 per 1,000 person-years) than in depression (0.41 per 1,000 person-years). The treatment effectiveness was significant for women. Patients taking GLP1-RA for longer than 180 days had the incidence of anxiety reduced to 2.93 per 1,000 person-years, with an aHR of 0.41 (95%CI: 0.27-0.61), compared to non-users. Dulaglutide could significantly decrease risks of both anxiety and depression. Conclusion: Patients with DM receiving GLP1-RA therapy have a greater reduction of the risk of anxiety than that of depression. Our findings strengthen previous research that advocated possible anti-depressant or anxiolytic effects of GLP1-RA and may lead to improved treatment adherence among patients with DM.",
EXT_018,extraction,Comparison of Effects of Glucagon-Like Peptide-1 Receptor Agonists Compared to Long-A,40124098.0,outcome_category,"AIM: This study aimed to investigate the impact of glucagon-like peptide-1 receptor agonists (GLP-1RAs) on individuals with type 2 diabetes (T2DM) by comparing self-management behaviors, anxiety, and sleep quality in T2DM patients. METHODS: This is a single-center prospective study. During the patients' hospitalization, we collected their clinical data, and three months after discharge, we conducted follow-up by phone to record weight changes, blood glucose levels, self-management behaviors, anxiety levels, and sleep quality. RESULTS: A total of 271 patients were included in this study. Among them, 177 (65.31%) were classified into the oral drug combined with long-acting insulin group, and 94 (34.69%) were classified into the oral drug combined with GLP-1RAs group. No statistically significant differences were found between the two groups in age, duration of diabetes, comorbidities, complications, or types of oral medications (P> 0.05). However, significant differences were observed between the groups in postprandial blood glucose, glycated hemoglobin, dietary control, medication adherence, actual anxiety, and sleep time (P<0.05). Notably, the oral medication combined with GLP-1RAs group demonstrated improved dietary control, medication adherence, anxiety and actual sleep time compared to the oral medication combined with long-acting insulin group. CONCLUSION: In this 3-month study, there were statistically significant differences in HbA1c, post-prandial glucose, weight, for self-management behaviors, for dietary control, medication adherence, anxiety, and actual sleep time in T2DM patients. The findings suggest that GLP-1 RA may contribute to the improvement of dietary behaviors, medication adherence, anxiety, and sleep quality in addition to weight and glycemic control in T2DM patients.",
EXT_019,extraction,Glucagon-like peptide-1 receptor agonists and risk of suicidality among patients with,40010803.0,direction,"OBJECTIVE: To determine whether the use of glucagon-like peptide-1 (GLP-1) receptor agonists is associated with an increased risk of suicidal ideation, self-harm, and suicide among patients with type 2 diabetes compared with the use of dipeptidyl peptidase-4 (DPP-4) inhibitors or sodium-glucose cotransporter-2 (SGLT-2) inhibitors. DESIGN: Active comparator, new user cohort study. SETTING: Primary care practices contributing data to the UK Clinical Practice Research Datalink linked to the Hospital Episodes Statistics Admitted Patient Care and Office for National Statistics Death Registration databases. PARTICIPANTS: Patients with type 2 diabetes. EXPOSURES: Two cohorts were assembled, with the first composed of patients who started and continued on GLP-1 receptor agonists or DPP-4 inhibitors between 1 January 2007 and 31 December 2020 and the second composed of patients who started and continued on GLP-1 receptor agonists or SGLT-2 inhibitors between 1 January 1 2013 and 31 December 2020. Both cohorts were followed until 29 March 2021. MAIN OUTCOME MEASURES: The primary outcome was suicidality, defined as a composite of suicidal ideation, self-harm, and suicide. Secondary outcomes were each of these events considered separately. Propensity score fine stratification weighted Cox proportional hazards models were fitted to estimate hazard ratios and 95% confidence intervals (CIs) to estimate the average treatment effect among the treated patients. RESULTS: The first cohort included 36 082 GLP-1 receptor agonist users (median follow-up 1.3 years) and 234 028 DPP-4 inhibitor users (median follow-up 1.7 years). In crude analyses, GLP-1 receptor agonist use was associated with an increased incidence of suicidality compared with DPP-4 inhibitors (crude incidence rates 3.9 v 1.8 per 1000 person years, respectively; hazard ratio 2.08, 95% CI 1.83 to 2.36). This estimate decreased to a null value after confounding factors were accounted for (hazard ratio 1.02, 95% CI 0.85 to 1.23). The second cohort included 32 336 GLP-1 receptor agonist users (median follow-up 1.2 years) and 96 212 SGLT-2 inhibitor users (median follow-up 1.2 years). Similarly, GLP-1 receptor agonist use was associated with an increased risk of suicidality compared with SGLT-2 inhibitors in crude analyses (crude incidence rates 4.3 v 2.7 per 1000 person years; hazard ratio 1.60, 95% CI 1.37 to 1.87) but not after confounding factors were accounted for (0.91, 0.73 to 1.12). Similar findings were observed when suicidal ideation, self-harm, and suicide were analysed separately in both cohorts. CONCLUSIONS: In this large cohort study, the use of GLP-1 receptor agonists was not associated with an increased risk of suicidality compared with the use of DPP-4 inhibitors or SGLT-2 inhibitors in patients with type 2 diabetes.",
EXT_020,extraction,"Association between tirzepatide use and risk of mortality, hospitalization, and suici",41389474.0,outcome_category,"This study aimed to evaluate the real-world effectiveness and psychiatric safety of tirzepatide among adults with schizophrenia spectrum disorders, focusing on the risks of mortality, hospitalization, and suicidal behavior. Based on the electronic health records from the TriNetX Global Collaborative Network, adults with schizophrenia spectrum disorders who initiated tirzepatide on or before June 1, 2024, were included. Tirzepatide users were propensity score-matched 1:1 to nonusers based on demographic and clinical variables. The primary outcome was a composite of all-cause mortality, hospitalization, and suicidal behavior evaluated between 30 and 365 days after the index date. Secondary outcomes included each component separately. Cox proportional hazards models and Kaplan-Meier estimators were used to estimate associations. Subgroup and sensitivity analyses were performed. Overall, a total of 1809 matched pairs were included. Tirzepatide use was associated with lower risk of the composite outcome (hazard ratio [HR], 0.66; 95 % confidence interval [CI], 0.55-0.79), as well as all-cause mortality (HR, 0.18; 95 % CI, 0.06-0.51), hospitalization (HR, 0.75; 95 % CI, 0.61-0.92), and suicidal behavior (HR, 0.43; 95 % CI, 0.27-0.70). Risk reduction was generally consistent across subgroups. Control outcome analyses supported internal validity. In conclusion, tirzepatide use in patients with schizophrenia spectrum disorders is associated with improved clinical outcomes, including reduced risks of mortality, hospitalization, and suicidal behavior. These findings support the integration of tirzepatide into metabolic management strategies for this high-risk population, offering benefits for glycemic control and potentially for psychiatric outcomes.",
EXT_021,extraction,"Association of glucagon-like peptide-1 receptor agonist use with anxiety disorders, d",41592697.0,outcome_category,"AIMS: This study examines the incidence of anxiety disorders, depression, self-harm, and suicidality after treatment initiation with antihyperglycemic medications in patients with type 2 diabetes (T2D) who take metformin as first-line treatment. METHODS: A large cohort study was conducted using TriNetX electronic health records andincluded adults (≥18 years) with T2D who used metformin and initiated GLP-1 RAs, SGLT2i, DPP4i, or SU between 1 April 2013 and 31 December 2019. RESULTS: The final three propensity-matched cohorts were 1) GLP-1 RA vs DPP4i (n = 28,536), 2) GLP-1 RA vs SU (n = 23,486), and 3) GLP-1 RA vs SGLT2i (n = 24,052). In a median follow-up of 5.5 years, GLP-1 RAs were associated with a higher risk of depression compared to SGLT2i (HR 1.19, 95% CI 1.11-1.28), and DPP4i (HR 1.06, 95% CI 1.00-1.13) but not SU. Anxiety disorder risk was also higher for GLP-1 RAs versus SGLT2i (HR 1.09, 95% CI 1.02- 1.16) and DPP4i (HR 1.07, 95% CI 1.02-1.13) but not SU. On the contrary, GLP-1 RAs were associated with a lower risk for suicidal ideation in comparison with SU (HR 0.62, 95% CI 0.44-0.87). CONCLUSIONS: GLP-1 RAs were associated with a higher risk of anxiety disorders and depression, but no difference in suicidality or self-harm in comparison to SGLT2i, DPP4i, and lower suicidality risk compared to SU.",
EXT_022,extraction,Association between GLP-1 receptor agonist use and worsening mental illness in people,41862258.0,effect_est,"BACKGROUND: People with diabetes have an elevated risk of developing depression, anxiety, and suicide. GLP-1 receptor agonists are licensed to treat diabetes and obesity, but data on whether these medications alleviate or exacerbate anxiety, depression, and self-harm are mixed. We studied the risk of worsening mental illness in people already diagnosed with depression, anxiety, or both who were prescribed antidiabetic medications including GLP-1 receptor agonists. METHODS: The study cohort, identified from national Swedish electronic health registers, included people with a diagnosis of depression or anxiety disorder who used any antidiabetic medication between the years 2009 and 2022. GLP-1 receptor agonists, individually and as a group, were compared with non-use of GLP-1 receptor agonists and directly with other second-line antidiabetic medications. A within-individual design was used for all comparisons to reduce confounding, comparing periods of use versus periods of non-use of a medication in the same individual. The primary outcome was worsening of mental illness, defined as a composite of psychiatric hospitalisation; sick leave from work for more than 14 days for psychiatric reasons; hospitalisation due to self-harm; or death by suicide. Secondary outcomes were worsening of depression or anxiety, analysed separately, worsening of substance use disorder, and self-harm. Within-individual stratified Cox models with adjusted hazard ratios (aHRs) and 95% CIs were used. A person with related lived experience was involved in the design and write-up of this study. FINDINGS: The cohort included 95 490 people (56 976 [59·7%] female and 38 514 [40·3%] male) with a mean age of 50·6 years (SD 12·3). Ethnicity data were not available. GLP-1 receptor agonists were used by 22 480 individuals during the follow-up period. Compared with non-use of GLP-1 receptor agonists, semaglutide (aHR 0·58 [95% CI 0·51-0·65]) and liraglutide (0·82 [0·76-0·89]) were associated with lower risk of worsening mental illness, whereas exenatide (1·01 [0·69-1·46]) and dulaglutide (1·01 [0·85-1·20]) were not. Semaglutide was associated with a decreased risk of worsening depression (0·56 [0·44-0·71]), of worsening anxiety (0·62 [0·52-0·73]), and of worsening substance use disorder (0·53 [0·35-0·80]). Liraglutide was associated only with lower risk of worsening depression (0·74 [0·64-0·87]). GLP-1 receptor agonists as a group were associated with a reduced risk of self-harm (0·56 [0·34-0·92]). INTERPRETATION: For anxiety and depression that co-occur with diabetes and obesity, semaglutide and, to a lesser extent, liraglutide might be useful dually effective therapeutic options. Randomised controlled trials evaluating these findings are warranted. FUNDING: Sigrid Jusélius Foundation, Jane and Aatos Erkko Foundation, and Finnish Ministry of Social Affairs and Health.",
EXT_023,extraction,Effect of Exenatide Use on Cognitive and Affective Functioning in Obese Patients With,34016830.0,direction,"PURPOSE/BACKGROUND: Glucagon-like peptide-1 (GLP-1) is a molecule used to treat type 2 diabetes mellitus (T2DM). Given their widespread expression in the nervous system, GLP-1 receptors also play a role in regulating mood and cognitive function. Here, we aimed to compare obese patients with T2DM, with or without exenatide (a GLP-1R agonist) use on cognitive and affective functioning. METHODS/PROCEDURES: A total of 43 patients with T2DM (23 on exenatide and 20 without exenatide) were evaluated with the Snaith-Hamilton Pleasure Scale, Cognitive Failures Questionnaire, Patient Health Questionnaire-9 (PHQ-9), Generalized Anxiety Disorder-7, Childhood Trauma Questionnaire, Perceived Stress Scale (PSS), and Chronic Stress Scale, in addition to laboratory-based measures of reward learning (the probabilistic reward task) and working memory (Letter-N-Back task). FINDINGS/RESULTS: Patients on exenatide had higher body mass index (BMI) (37.88 ± 5.44 vs 35.29 ± 6.30; P = 0.015), PHQ-9 (9.70 ± 4.92 vs 6.70 ± 4.66; P = 0.026), and PSS (29.39 ± 6.70 vs 23.35 ± 7.69; P = 0.015) scores. Other stress scales (Childhood Trauma Questionnaire and Chronic Stress Scale), Generalized Anxiety Disorder-7 scores, response bias, or discriminability as assessed by probabilistic reward task and self-report (Cognitive Failures Questionnaire) and laboratory-based (Letter-N-Back) cognitive measures were not significantly different between groups (both Ps > 0.05). Multivariate linear regression analyses adding BMI and PSS as covariates revealed that although BMI had no effect (P = 0.5), PSS significantly predicted PHQ-9 scores (P = 0.004). Mediation analysis showed that exenatide users reported higher PSS, with greater PSS associated with higher PHQ-9 levels (b = 0.236). There was no evidence on exenatide directly influencing PHQ-9 independent of PSS (c' = 1.573; P = 0.305; 95% bootstrap confidence interval, -1.487 to 4.634). IMPLICATIONS/CONCLUSIONS: Based on previous research and our findings, exenatide use might be mediating depression scores through disrupting stress responses.",
EXT_024,extraction,Neuropsychiatric association of tirzepatide and semaglutide in obesity with and witho,42373755.0,ci_high,"BACKGROUND: Neuropsychiatric outcomes after starting newer anti-obesity medicines remain uncertain in routine care. We evaluate associations between initiation of tirzepatide or semaglutide and incident neuropsychiatric diagnoses in people with obesity, stratified by type 2 diabetes (T2D). METHODS: Using a United States electronic health record network (2020-2025), we identified adults with obesity who newly started tirzepatide or semaglutide and matched them one-to-one to new users of naltrexone-bupropion, phentermine, or phentermine-topiramate. We modeled the time to first recorded diagnosis over 24 months; bariatric surgery recipients were examined as a contextual comparator. Confidence intervals are 95%. RESULTS: Here we show that, versus naltrexone-bupropion, semaglutide is associated with lower hazards of anxiety disorder in adults with T2D (hazard ratio 0.67, 0.51-0.87) and without T2D (0.73, 0.64-0.83), and lower hazards of depression in both strata (with T2D: 0.69, 0.50-0.95; without T2D: 0.53, 0.45-0.61). Tirzepatide versus naltrexone-bupropion is associated with lower hazard ratios for anxiety disorder (with T2D: 0.55, 0.40-0.76; without T2D: 0.78, 0.68-0.89) and depression (with T2D: 0.49, 0.33-0.72; without T2D: 0.57, 0.49-0.66). In adults without T2D, tirzepatide versus semaglutide is associated with higher hazards of anxiety disorder (1.12, 1.06-1.18) and insomnia (1.13, 1.05-1.21). CONCLUSIONS: Initiation of tirzepatide and semaglutide is associated with differing hazard patterns across prescription comparators, with bariatric surgery providing additional context. These findings inform monitoring and shared decisions, while remaining subject to residual confounding and diagnosis misclassification.",
EXT_025,extraction,Glucagon-Like Peptide-1 Receptor Agonists and Risk for Suicidal Ideation and Behavior,39008852.0,outcome_category,"BACKGROUND: A major concern has recently emerged about a potential link between glucagon-like peptide-1 receptor agonists (GLP-1 RAs) and increased risk for suicidal ideation and behaviors based on International Classification of Diseases codes. OBJECTIVE: To investigate the association between GLP-1 RAs, compared with sodium-glucose cotransporter-2 inhibitors (SGLT2is) or dipeptidyl peptidase-4 inhibitors (DPP4is), and risk for suicidal ideation and behaviors in older adults with type 2 diabetes (T2D). DESIGN: Two target trial emulation studies comparing propensity score (PS)-matched cohorts for GLP-1 RAs versus SGLT2is and GLP-1 RAs versus DPP4is. SETTING: U.S. national Medicare administrative data from January 2017 to December 2020. PATIENTS: Older adults (≥66 years) with T2D; no record of suicidal ideation or behaviors; and a first prescription for a GLP-1 RA, SGLT2i, or DPP4i. MEASUREMENTS: The primary end point was a composite of suicidal ideation and behaviors. New GLP-1 RA users were matched 1:1 on PS to new users of an SGLT2i or DPP4i in each pairwise comparison. A Cox proportional hazards regression was used to estimate the hazard ratio (HR) and 95% CIs within matched groups. RESULTS: This study included 21 807 pairs of patients treated with a GLP-1 RA versus an SGLT2i and 21 402 pairs of patients treated with a GLP-1 RA versus a DPP4i. The HR of suicidal ideation and behaviors associated with GLP-1 RAs relative to SGLT2is was 1.07 (95% CI, 0.80 to 1.45; rate difference, 0.16 [CI, -0.53 to 0.86] per 1000 person-years); the HR relative to DPP4is was 0.94 (CI, 0.71 to 1.24; rate difference, -0.18 [CI, -0.92 to 0.57] per 1000 person-years). LIMITATIONS: Low event rate; imprecise estimates; unmeasured confounders, such as body mass index; and potential misclassification of outcomes. CONCLUSION: Among Medicare beneficiaries with T2D, this study found no clear increased risk for suicidal ideation and behaviors with GLP-1 RAs, although estimates were imprecise and a modest adverse risk could not be ruled out. PRIMARY FUNDING SOURCE: American Foundation for Pharmaceutical Education, Pharmaceutical Research and Manufacturers of America Foundation, National Institute on Aging, and National Institute of Diabetes and Digestive and Kidney Diseases.",
EXT_026,extraction,"Association of glucagon-like peptide-1 receptor agonist use with anxiety disorders, d",41592697.0,direction,"AIMS: This study examines the incidence of anxiety disorders, depression, self-harm, and suicidality after treatment initiation with antihyperglycemic medications in patients with type 2 diabetes (T2D) who take metformin as first-line treatment. METHODS: A large cohort study was conducted using TriNetX electronic health records andincluded adults (≥18 years) with T2D who used metformin and initiated GLP-1 RAs, SGLT2i, DPP4i, or SU between 1 April 2013 and 31 December 2019. RESULTS: The final three propensity-matched cohorts were 1) GLP-1 RA vs DPP4i (n = 28,536), 2) GLP-1 RA vs SU (n = 23,486), and 3) GLP-1 RA vs SGLT2i (n = 24,052). In a median follow-up of 5.5 years, GLP-1 RAs were associated with a higher risk of depression compared to SGLT2i (HR 1.19, 95% CI 1.11-1.28), and DPP4i (HR 1.06, 95% CI 1.00-1.13) but not SU. Anxiety disorder risk was also higher for GLP-1 RAs versus SGLT2i (HR 1.09, 95% CI 1.02- 1.16) and DPP4i (HR 1.07, 95% CI 1.02-1.13) but not SU. On the contrary, GLP-1 RAs were associated with a lower risk for suicidal ideation in comparison with SU (HR 0.62, 95% CI 0.44-0.87). CONCLUSIONS: GLP-1 RAs were associated with a higher risk of anxiety disorders and depression, but no difference in suicidality or self-harm in comparison to SGLT2i, DPP4i, and lower suicidality risk compared to SU.",
EXT_027,extraction,Depression and Anxiety Among Individuals Receiving Incretin Mimetic Medications: A Sa,42072949.0,outcome_category,"BACKGROUND: Depression and anxiety are prevalent mental health disorders that substantially impact quality of life. The association of incretin mimetics, including glucagon-like peptide-1 (GLP-1) receptor agonists, with symptoms of depression and anxiety remain underexplored in Saudi Arabia. This study was conducted to assess the association between GLP-1 receptor agonist use and symptoms of depression and anxiety and to identify related factors. METHODS: A cross-sectional study using convenience sampling was conducted among adults (≥18 years) treated with GLP-1 receptor agonists at King Khalid University Hospital (KKUH) in Riyadh, Saudi Arabia. Data were collected using a questionnaire developed by the research team, in addition to the Arabic versions of the Patient Health Questionnaire-9 (PHQ-9) and the Generalized Anxiety Disorder-7 (GAD-7). RESULTS: A total of 235 participants were included, of whom 48.5% used GLP-1 receptor agonists for both glycemic control and weight loss. Only 31.9% had undergone psychiatric evaluation prior to initiating therapy, and 14.9% had a diagnosed psychiatric disorder. The mean anxiety score (GAD-7) was 4.82 ± 5, and the mean depression score (PHQ-9) was 6.13 ± 4.95. Multivariable analysis showed that higher odds of more severe depression were associated with using diabetes medications for weight loss in addition to diabetes treatment, a history of psychiatric disorders, and holding a bachelor's degree. Exercising for 101-150 min per week was associated with lower odds of depression. Regarding anxiety, participants who exercised 101-150 min per week had significantly lower odds of anxiety compared with those who did not exercise, while a history of psychiatric disorders was associated with higher odds of more severe anxiety. CONCLUSIONS: This study's findings highlight the importance of integrating both routine psychiatric screening and follow-up into diabetes and obesity management to enhance both psychological well-being and metabolic outcomes. They also reflect the benefit of physical activity for mental health, emphasizing the need to encourage exercise among individuals with diabetes or obesity.",
EXT_028,extraction,Retrospective chart review on psychiatric manifestations of GLP-1 agonist usage.,41616750.0,outcome_category,"BACKGROUND: Glucagon-like peptide-1 receptor agonists (GLP-1 RAs) are increasingly prescribed for type 2 diabetes mellitus and obesity. Beyond metabolic effects, GLP-1 signaling influences central pathways involved in mood, reward, and stress regulation, raising interest in possible psychiatric implications. METHODS: We conducted a retrospective chart review of adults (≥18 years) prescribed GLP-1 RAs at a private university hospital between January 2021 and April 2024. Demographic, medication, and psychiatric data were extracted from electronic health records. Primary outcomes included stability, improvement, worsening, or new onset of psychiatric disorders during treatment. RESULTS: Among 226 patients (mean age 53.5 years; 66.8 % female; mean BMI 33.6 kg/m2), semaglutide was most frequently prescribed (73 %). The mean treatment duration was 20.2 months, with an average 6.7 % weight loss. Major depressive disorder (MDD) and generalized anxiety disorder (GAD) were most prevalent (68.6 % and 65.9 % of patients, respectively). Most remained stable (MDD: 73.6 %; GAD: 78.5 %). New-onset MDD occurred in 9.0 % and GAD in 8.7 % of affected patients, with mean latencies of 15.8 and 16.8 months, respectively. Adjustment disorder, ADHD, and insomnia also emerged in a subset, with ADHD showing the shortest latency to onset (7.8 months). Rare new-onset alcohol use disorder, trichotillomania, and opioid use disorder were observed. CONCLUSIONS: GLP-1 RAs appear psychiatrically well-tolerated for most patients, though new-onset or worsening symptoms occur in a minority, underscoring the need for monitoring, particularly in high-risk populations. Prospective studies are warranted to clarify causality, mechanisms, and potential therapeutic roles in psychiatric care.",
EXT_029,extraction,"Association of glucagon-like peptide-1 receptor agonist use with anxiety disorders, d",41592697.0,ci_high,"AIMS: This study examines the incidence of anxiety disorders, depression, self-harm, and suicidality after treatment initiation with antihyperglycemic medications in patients with type 2 diabetes (T2D) who take metformin as first-line treatment. METHODS: A large cohort study was conducted using TriNetX electronic health records andincluded adults (≥18 years) with T2D who used metformin and initiated GLP-1 RAs, SGLT2i, DPP4i, or SU between 1 April 2013 and 31 December 2019. RESULTS: The final three propensity-matched cohorts were 1) GLP-1 RA vs DPP4i (n = 28,536), 2) GLP-1 RA vs SU (n = 23,486), and 3) GLP-1 RA vs SGLT2i (n = 24,052). In a median follow-up of 5.5 years, GLP-1 RAs were associated with a higher risk of depression compared to SGLT2i (HR 1.19, 95% CI 1.11-1.28), and DPP4i (HR 1.06, 95% CI 1.00-1.13) but not SU. Anxiety disorder risk was also higher for GLP-1 RAs versus SGLT2i (HR 1.09, 95% CI 1.02- 1.16) and DPP4i (HR 1.07, 95% CI 1.02-1.13) but not SU. On the contrary, GLP-1 RAs were associated with a lower risk for suicidal ideation in comparison with SU (HR 0.62, 95% CI 0.44-0.87). CONCLUSIONS: GLP-1 RAs were associated with a higher risk of anxiety disorders and depression, but no difference in suicidality or self-harm in comparison to SGLT2i, DPP4i, and lower suicidality risk compared to SU.",
EXT_030,extraction,GLP-1 receptor agonists and risk of suicide or suicide attempts - A nationwide cohort,42000905.0,ci_low,"The European Medicines Agency (EMA) and the U.S. Food and Drug Administration (FDA) have raised concerns about a potential link between glucagon-like peptide-1 receptor agonists (GLP-1 RAs) and suicide or suicide attempts. We conducted two new-user, active comparator cohort studies. The GLP1-RAs vs sodium-glucose cotransporter-2 (SGLT-2) inhibitors cohort included new users of GLP-1 RAs (n = 83,464) or SGLT-2 inhibitors (n = 78,366), and the GLP1-RAs vs dipeptidyl peptidase-4 (DPP-4) inhibitors cohort included new users of GLP-1 RAs (n = 108,322) or DPP-4 inhibitors (n = 55,411). We also employed a self-controlled case series design to compare suicide, or suicide attempts before and after GLP-1 RA treatment initiation across three time periods. In the cohort analyses patients who initiated GLP-1 RAs did not differ in the hazard ratio (HR) for suicide or suicide attempts from SGLT-2 inhibitor users (HR: 0.93; 95% CI: 0.57-1.52), and GLP-1 RA users had a lower risk of suicide or suicide attempts compared with DPP-4 inhibitor users (HR: 0.58; 95% CI: 0.37-0.91). In the self-controlled case series design, use of GLP-1 RAs was associated with a lower incidence rate ratio (IRR) of suicide or suicide attempts one year after treatment initiation (IRR: 0.45; 95% CI: 0.10-0.50) and 13-24 months after treatment initiation compared with pretreatment. This study showed that use of GLP-1 RAs was not associated with increased incidence of suicide or suicide attempts in either the active comparator new-user design or in the self-controlled case series design.",
EXT_031,extraction,Risk of suicidal ideation and suicidality among adults prescribed semaglutide for wei,40760781.0,ci_high,"AIMS: To evaluate the risk of incident suicidal ideation (SI) and suicidality (SI, suicide attempt or intentional self-harm) among overweight or obese adults who were prescribed semaglutide for weight management compared with active comparators (weight management drugs: bupropion/naltrexone, orlistat, phentermine or phentermine/topiramate). MATERIALS AND METHODS: Using the Merative® MarketScan Databases, we conducted a retrospective cohort study of adults initiating semaglutide or an active comparator between 01 June 2021, and 31 December 2022. Patients were required to have ≥1 year of continuous health and pharmacy plan coverage, a diagnosis of overweight or obesity, no prior suicidality or type 2 diabetes, and new users of semaglutide or active comparators for inclusion. SI and suicidality were identified using diagnosis codes within 183 days of drug initiation. Kaplan-Meier analysis was used to estimate risks, risk differences (RDs), and risk ratios (RRs), controlling for confounding with standardized mortality ratio weights. RESULTS: Among 16 822 semaglutide and 11 986 active comparator new users, the adjusted risk of incident SI was 0.08% (13.0 events) for semaglutide and 0.05% (8.9 events) for active comparators, and for incident suicidality was 0.08% (14.0 events) for semaglutide and 0.07% (11.0 events) for active comparators. Adjusted RDs were 0.02% (95% CI: [-0.02%, 0.07%]) for SI and 0.02% (-0.03%, 0.07%) for suicidality, with corresponding RRs of 1.36 (0.62, 6.14) and 1.18 (0.57, 3.63). CONCLUSION: Among patients initiating semaglutide for weight management, semaglutide did not appear to increase the risk of suicide-related outcomes. However, the CIs of the RDs are compatible with a 0.07% increase in 6-month risk and the true RD could be larger due to the potentially low sensitivity of ICD-10 diagnosis codes for and underreporting of suicide-related outcomes. Additional studies are critical to confirm these findings and obtain more precise estimates of any potential benefits or harms of semaglutide.",
EXT_032,extraction,Risk of suicidal ideation and suicidality among adults prescribed semaglutide for wei,40760781.0,outcome_category,"AIMS: To evaluate the risk of incident suicidal ideation (SI) and suicidality (SI, suicide attempt or intentional self-harm) among overweight or obese adults who were prescribed semaglutide for weight management compared with active comparators (weight management drugs: bupropion/naltrexone, orlistat, phentermine or phentermine/topiramate). MATERIALS AND METHODS: Using the Merative® MarketScan Databases, we conducted a retrospective cohort study of adults initiating semaglutide or an active comparator between 01 June 2021, and 31 December 2022. Patients were required to have ≥1 year of continuous health and pharmacy plan coverage, a diagnosis of overweight or obesity, no prior suicidality or type 2 diabetes, and new users of semaglutide or active comparators for inclusion. SI and suicidality were identified using diagnosis codes within 183 days of drug initiation. Kaplan-Meier analysis was used to estimate risks, risk differences (RDs), and risk ratios (RRs), controlling for confounding with standardized mortality ratio weights. RESULTS: Among 16 822 semaglutide and 11 986 active comparator new users, the adjusted risk of incident SI was 0.08% (13.0 events) for semaglutide and 0.05% (8.9 events) for active comparators, and for incident suicidality was 0.08% (14.0 events) for semaglutide and 0.07% (11.0 events) for active comparators. Adjusted RDs were 0.02% (95% CI: [-0.02%, 0.07%]) for SI and 0.02% (-0.03%, 0.07%) for suicidality, with corresponding RRs of 1.36 (0.62, 6.14) and 1.18 (0.57, 3.63). CONCLUSION: Among patients initiating semaglutide for weight management, semaglutide did not appear to increase the risk of suicide-related outcomes. However, the CIs of the RDs are compatible with a 0.07% increase in 6-month risk and the true RD could be larger due to the potentially low sensitivity of ICD-10 diagnosis codes for and underreporting of suicide-related outcomes. Additional studies are critical to confirm these findings and obtain more precise estimates of any potential benefits or harms of semaglutide.",
EXT_033,extraction,Risk of suicidal ideation and suicidality among adults prescribed semaglutide for wei,40760781.0,effect_est,"AIMS: To evaluate the risk of incident suicidal ideation (SI) and suicidality (SI, suicide attempt or intentional self-harm) among overweight or obese adults who were prescribed semaglutide for weight management compared with active comparators (weight management drugs: bupropion/naltrexone, orlistat, phentermine or phentermine/topiramate). MATERIALS AND METHODS: Using the Merative® MarketScan Databases, we conducted a retrospective cohort study of adults initiating semaglutide or an active comparator between 01 June 2021, and 31 December 2022. Patients were required to have ≥1 year of continuous health and pharmacy plan coverage, a diagnosis of overweight or obesity, no prior suicidality or type 2 diabetes, and new users of semaglutide or active comparators for inclusion. SI and suicidality were identified using diagnosis codes within 183 days of drug initiation. Kaplan-Meier analysis was used to estimate risks, risk differences (RDs), and risk ratios (RRs), controlling for confounding with standardized mortality ratio weights. RESULTS: Among 16 822 semaglutide and 11 986 active comparator new users, the adjusted risk of incident SI was 0.08% (13.0 events) for semaglutide and 0.05% (8.9 events) for active comparators, and for incident suicidality was 0.08% (14.0 events) for semaglutide and 0.07% (11.0 events) for active comparators. Adjusted RDs were 0.02% (95% CI: [-0.02%, 0.07%]) for SI and 0.02% (-0.03%, 0.07%) for suicidality, with corresponding RRs of 1.36 (0.62, 6.14) and 1.18 (0.57, 3.63). CONCLUSION: Among patients initiating semaglutide for weight management, semaglutide did not appear to increase the risk of suicide-related outcomes. However, the CIs of the RDs are compatible with a 0.07% increase in 6-month risk and the true RD could be larger due to the potentially low sensitivity of ICD-10 diagnosis codes for and underreporting of suicide-related outcomes. Additional studies are critical to confirm these findings and obtain more precise estimates of any potential benefits or harms of semaglutide.",
EXT_034,extraction,"Association of glucagon-like peptide-1 receptor agonist use with anxiety disorders, d",41592697.0,ci_low,"AIMS: This study examines the incidence of anxiety disorders, depression, self-harm, and suicidality after treatment initiation with antihyperglycemic medications in patients with type 2 diabetes (T2D) who take metformin as first-line treatment. METHODS: A large cohort study was conducted using TriNetX electronic health records andincluded adults (≥18 years) with T2D who used metformin and initiated GLP-1 RAs, SGLT2i, DPP4i, or SU between 1 April 2013 and 31 December 2019. RESULTS: The final three propensity-matched cohorts were 1) GLP-1 RA vs DPP4i (n = 28,536), 2) GLP-1 RA vs SU (n = 23,486), and 3) GLP-1 RA vs SGLT2i (n = 24,052). In a median follow-up of 5.5 years, GLP-1 RAs were associated with a higher risk of depression compared to SGLT2i (HR 1.19, 95% CI 1.11-1.28), and DPP4i (HR 1.06, 95% CI 1.00-1.13) but not SU. Anxiety disorder risk was also higher for GLP-1 RAs versus SGLT2i (HR 1.09, 95% CI 1.02- 1.16) and DPP4i (HR 1.07, 95% CI 1.02-1.13) but not SU. On the contrary, GLP-1 RAs were associated with a lower risk for suicidal ideation in comparison with SU (HR 0.62, 95% CI 0.44-0.87). CONCLUSIONS: GLP-1 RAs were associated with a higher risk of anxiety disorders and depression, but no difference in suicidality or self-harm in comparison to SGLT2i, DPP4i, and lower suicidality risk compared to SU.",
EXT_035,extraction,Glucagon-Like Peptide-1 Receptor Agonists and Risk for Suicidal Ideation and Behavior,39008852.0,direction,"BACKGROUND: A major concern has recently emerged about a potential link between glucagon-like peptide-1 receptor agonists (GLP-1 RAs) and increased risk for suicidal ideation and behaviors based on International Classification of Diseases codes. OBJECTIVE: To investigate the association between GLP-1 RAs, compared with sodium-glucose cotransporter-2 inhibitors (SGLT2is) or dipeptidyl peptidase-4 inhibitors (DPP4is), and risk for suicidal ideation and behaviors in older adults with type 2 diabetes (T2D). DESIGN: Two target trial emulation studies comparing propensity score (PS)-matched cohorts for GLP-1 RAs versus SGLT2is and GLP-1 RAs versus DPP4is. SETTING: U.S. national Medicare administrative data from January 2017 to December 2020. PATIENTS: Older adults (≥66 years) with T2D; no record of suicidal ideation or behaviors; and a first prescription for a GLP-1 RA, SGLT2i, or DPP4i. MEASUREMENTS: The primary end point was a composite of suicidal ideation and behaviors. New GLP-1 RA users were matched 1:1 on PS to new users of an SGLT2i or DPP4i in each pairwise comparison. A Cox proportional hazards regression was used to estimate the hazard ratio (HR) and 95% CIs within matched groups. RESULTS: This study included 21 807 pairs of patients treated with a GLP-1 RA versus an SGLT2i and 21 402 pairs of patients treated with a GLP-1 RA versus a DPP4i. The HR of suicidal ideation and behaviors associated with GLP-1 RAs relative to SGLT2is was 1.07 (95% CI, 0.80 to 1.45; rate difference, 0.16 [CI, -0.53 to 0.86] per 1000 person-years); the HR relative to DPP4is was 0.94 (CI, 0.71 to 1.24; rate difference, -0.18 [CI, -0.92 to 0.57] per 1000 person-years). LIMITATIONS: Low event rate; imprecise estimates; unmeasured confounders, such as body mass index; and potential misclassification of outcomes. CONCLUSION: Among Medicare beneficiaries with T2D, this study found no clear increased risk for suicidal ideation and behaviors with GLP-1 RAs, although estimates were imprecise and a modest adverse risk could not be ruled out. PRIMARY FUNDING SOURCE: American Foundation for Pharmaceutical Education, Pharmaceutical Research and Manufacturers of America Foundation, National Institute on Aging, and National Institute of Diabetes and Digestive and Kidney Diseases.",
EXT_036,extraction,"Association between tirzepatide use and risk of mortality, hospitalization, and suici",41389474.0,direction,"This study aimed to evaluate the real-world effectiveness and psychiatric safety of tirzepatide among adults with schizophrenia spectrum disorders, focusing on the risks of mortality, hospitalization, and suicidal behavior. Based on the electronic health records from the TriNetX Global Collaborative Network, adults with schizophrenia spectrum disorders who initiated tirzepatide on or before June 1, 2024, were included. Tirzepatide users were propensity score-matched 1:1 to nonusers based on demographic and clinical variables. The primary outcome was a composite of all-cause mortality, hospitalization, and suicidal behavior evaluated between 30 and 365 days after the index date. Secondary outcomes included each component separately. Cox proportional hazards models and Kaplan-Meier estimators were used to estimate associations. Subgroup and sensitivity analyses were performed. Overall, a total of 1809 matched pairs were included. Tirzepatide use was associated with lower risk of the composite outcome (hazard ratio [HR], 0.66; 95 % confidence interval [CI], 0.55-0.79), as well as all-cause mortality (HR, 0.18; 95 % CI, 0.06-0.51), hospitalization (HR, 0.75; 95 % CI, 0.61-0.92), and suicidal behavior (HR, 0.43; 95 % CI, 0.27-0.70). Risk reduction was generally consistent across subgroups. Control outcome analyses supported internal validity. In conclusion, tirzepatide use in patients with schizophrenia spectrum disorders is associated with improved clinical outcomes, including reduced risks of mortality, hospitalization, and suicidal behavior. These findings support the integration of tirzepatide into metabolic management strategies for this high-risk population, offering benefits for glycemic control and potentially for psychiatric outcomes.",
EXT_037,extraction,Repurposing Semaglutide and Liraglutide for Alcohol Use Disorder.,39535805.0,effect_est,"IMPORTANCE: Preliminary studies suggest that glucagon-like peptide-1 receptor (GLP-1) agonists, used to treat type 2 diabetes and obesity, may decrease alcohol consumption. OBJECTIVE: To test whether the risk of hospitalization due to alcohol use disorder (AUD) is decreased during the use of GLP-1 agonists compared with periods of nonuse for the same individual. DESIGN, SETTING, AND PARTICIPANTS: This cohort study was an observational study conducted nationwide in Sweden using data from January 2006 to December 2023. The population-based cohort was identified from registers of inpatient care, specialized outpatient care, sickness absence, and disability pension. Participants were all residents aged 16 to 64 years who had a diagnosis of AUD. EXPOSURES: The primary exposure was use of individual GLP-1 agonists (compared with nonuse of GLP-1 agonists), and the secondary exposure was medications with indication for AUD. MAIN OUTCOMES AND MEASURES: The primary outcome was AUD hospitalization analyzed in a Cox regression within-individual model. Secondary outcomes were any substance use disorder (SUD)-related hospitalization, somatic hospitalization, and suicide attempt. RESULTS: The cohort included 227 866 individuals with AUD; 144 714 (63.5%) were male and 83 154 (36.5%) were female, with a mean (SD) age of 40.0 (15.7) years. Median (IQR) follow-up time was 8.8 (4.0-13.3) years. A total of 133 210 individuals (58.5%) experienced AUD hospitalization. Semaglutide (4321 users) was associated with the lowest risk (AUD: adjusted hazard ratio [aHR], 0.64; 95% CI, 0.50-0.83; any SUD: aHR, 0.68; 95% CI, 0.54-0.85) and use of liraglutide (2509 users) with the second lowest risk (AUD: aHR, 0.72; 95% CI, 0.57-0.92; any SUD: aHR, 0.78; 95% CI, 0.64-0.97) of both AUD and SUD hospitalization. Use of any AUD medication was associated with a modestly decreased risk (aHR, 0.98; 95% CI, 0.96-1.00). Semaglutide (aHR, 0.78; 95% CI, 0.68-0.90) and liraglutide (aHR, 0.79; 95% CI, 0.69-0.91) use were also associated with decreased risk of somatic hospitalizations but not associated with suicide attempts (semaglutide: aHR, 0.55; 95% CI, 0.23-1.30; liraglutide: aHR, 1.08; 95% CI, 0.55-2.15). CONCLUSIONS AND RELEVANCE: Among patients with AUD and comorbid obesity/type 2 diabetes, the use of semaglutide and liraglutide were associated with a substantially decreased risk of hospitalization due to AUD. This risk was lower than that of officially approved AUD medications. Semaglutide and liraglutide may be effective in the treatment of AUD, and clinical trials are urgently needed to confirm these findings.",
