packet_id,layer,title,abstract,pmid,human_label
SCR_000,screening,Efficacy and Safety of Glucagon-Like Peptide-1 Agonists for Psychiatric Symptoms: A Systematic Review.,"BACKGROUND: Glucagon-like peptide-1 receptor agonists (GLP-1 RAs) have emerged as potential therapeutic options for psychiatric symptoms due to their effects on mood and behavior. However, their use has been primarily for metabolic diseases, and limited research has evaluated their psychiatric efficacy. This systematic review examined the impact of GLP-1 RAs on psychiatric symptoms, categorizing studies based on whether psychiatric outcomes were primary or secondary. METHODS: A comprehensive search through OVID databases from inception to November 2024 identified 26 studies (n = 3020), with 5 studies evaluating psychiatric symptoms as primary outcomes (e.g., substance use disorders) and 21 studies assessing secondary outcomes across various conditions. Additionally, 10 registered clinical trials were identified. RESULTS: Among the five studies targeting primary outcomes, exenatide and dulaglutide were investigated in cocaine use disorder, alcohol use disorder, and nicotine dependence. Exenatide 2 mg once-weekly demonstrated reductions in cocaine craving in two cases over 6 weeks in a case series study. However, mixed results were reported across studies, including no significant changes in a separate case series (n = 12, p = 0.46). Dulaglutide 1.5 mg weekly did not significantly affect smoking abstinence (RR = 0.87, p = 0.25) but reduced alcohol consumption by 29%   in a secondary analysis. For studies assessing secondary outcomes, GLP-1 RAs showed variable effects. In mood disorders, liraglutide 1.8 mg/day significantly improved depression and anhedonia. In Type 2 diabetes, semaglutide improved diabetes-related quality of life (Cohen' and anxiety (Cohen's d = 0.48) compared to dulaglutide. Exenatide studies reported mixed results, with one randomized controlled trial (RCT) showing significant reductions in Beck's Depression Inventory (BDI) scores (Δ = -5.2). A total of nine RCTs were included in this review and the risk of bias was assessed using the JBI Critical Appraisal Checklist for RCTs. All included RCTs met the majority of criteria, indicating moderate-to-high methodological quality. Of the included RCTs, three reported a statistically significant effect on the primary psychiatric outcome, whereas six reported no significant effect. CONCLUSION: GLP-1 RAs showed mixed and inconclusive effects on psychiatric symptoms. Although some studies suggested potential benefits, others reported null findings. Given the variability across trials, further research is needed to clarify their therapeutic potential.",40635383.0,
SCR_001,screening,"Glucagon-like peptide-1 receptor agonists and reduced mortality, cardiovascular and psychiatric risks in patients with psoriasis: a large-scale cohort study.","BACKGROUND: Psoriasis is associated with a significant comorbidity burden, especially cardiovascular and metabolic complications. Glucagon-like peptide-1 receptor agonists (GLP-1RAs), such as semaglutide, used to treat obesity and diabetes, could potentially reduce comorbidities in patients with psoriasis. OBJECTIVES: To investigate all-cause mortality, cardiovascular, inflammatory and psychiatric outcomes, and adverse events in patients with psoriasis treated with GLP-1RAs. METHODS: This retrospective population-based cohort study used real-world data from the US TriNetX database. Patients with psoriasis who were treated for diabetes or obesity with a GLP-1RA during the follow-up period of 2 years were compared with those treated with other systemic antidiabetic or antiobesity drugs. After 1 : 1 propensity score matching for relevant risk factors, 3048 participants were included in each cohort. Primary outcomes included the risk of cardiometabolic, psychiatric and autoimmune sequelae of psoriasis, as well as all-cause mortality and potential adverse drug events. The analysis was repeated using cohorts without psoriasis and the results were further validated through two sensitivity analyses involving (i) later follow-up periods or (ii) the exclusion of patients with pustular psoriasis. RESULTS: In the matched cohorts of 3048 patients with psoriasis treated with a GLP-1RA [60.4% women, mean (SD) age 56.94 (12.02) years] vs. other antidiabetic and antiobesity drugs [61.9% women, mean (SD) age 56.42 (14.16) years], GLP-1RA treatment was associated with significantly decreased all-cause mortality [hazard ratio (HR) 0.219, 95% confidence interval (CI) 0.123-0.391; P < 0.001] and reduced risk of major adverse cardiac events (HR 0.561, 95% CI 0.442-0.714; P < 0.001). Additionally, lower risks for alcohol (HR 0.346, 95% CI 0.174-0.685; P = 0.009) and substance abuse (HR 0.510, 95% CI 0.350-0.743; P = 0.002) were found. Typical adverse drug events were not more frequent in the GLP-1RA cohort. The risk reductions were more pronounced in the cohorts with psoriasis than in those with obesity or diabetes without psoriasis. The findings were consistent across all sensitivity analyses. CONCLUSIONS: GLP-1RA treatment was safe and associated with reduced risks of cardiovascular and psychiatric comorbidities, as well as lower mortality in patients with psoriasis, with risk reductions markedly higher than in cohorts without psoriasis. Physicians should consider this drug class for patients with psoriasis and comorbid obesity or diabetes.",40897378.0,
SCR_002,screening,The vicious cycle of neuroinflammation and ferroptosis in depression: mechanisms and therapeutic targets,"Depression is one of the leading causes of disability worldwide, yet its underlying mechanisms remain elusive. Both neuroinflammation and ferroptosis are known contributors to the disease, and understanding their interplay is critical for unraveling the pathogenesis of depression. This review explores the relationship between neuroinflammation and ferroptosis in the context of depression. We first delineate the core mechanisms of each process. Subsequently, we focus on the key signaling pathways bridging these processes, including cyclic GMP-AMP synthase (cGAS) stimulator of interferon genes (STING), nuclear factor kappa-B (NF-κB), Janus kinase (JAK)/signal transducer and activator of transcription (STAT) and nuclear factor erythroid 2-related factor 2 (Nrf2), and elucidate how this inflammation-ferroptosis vicious cycle contributes to depression. Finally, we highlight therapeutic agents targeting both processes, suggesting novel treatment directions. By showing that inflammation and ferroptosis form a vicious cycle, this work offers a clearer perspective on the pathogenesis of depression and identifies specific therapeutic targets for breaking this pathological loop.",42051556.0,
SCR_003,screening,A pilot randomized controlled trial of liraglutide 3.0 mg for binge eating disorder,"OBJECTIVE: To assess the efficacy of liraglutide 3.0 mg, a glucagon-like peptide-1 (GLP-1) receptor agonist, for binge eating disorder (BED). METHODS: Adults with a body mass index (BMI) ≥ 27 kg/m2 enrolled in a pilot, 17-week double-blind, randomized controlled trial of liraglutide 3.0 mg/day for BED. The primary outcome was number of objective binge episodes (OBEs)/week. Binge remission, weight change, and psychosocial variables were secondary outcomes. Mixed effect models were used for continuous variables, and generalized estimating equations were used for remission rates. RESULTS: Participants (n = 27) were 44.2 ± 10.6 years; BMI = 37.9 ± 11.8 kg/m2; 63% women; and 59% White and 41% Black. At baseline, the liraglutide group (n = 13) reported 4.7 ± 0.7 OBEs/week, compared with 3.0 ± 0.7 OBEs/week for the placebo group, p = 0.07. At week 17, OBEs/week decreased by 4.0 ± 0.6 in liraglutide participants and by 2.5 ± 0.5 in placebo participants (p = 0.37, mean difference = 1.2, 95% confidence interval 1.3, 2.0). BED remission rates of 44% and 36%, respectively, did not differ. Percent weight loss was significantly greater in the liraglutide versus the placebo group (5.2 ± 1.0% vs. 0.9 ± 0.7%, p = 0.005). CONCLUSION: Participants in both groups reported reductions in OBEs, with the liraglutide group showing clinically meaningful weight loss. A pharmacy medication dispensing error was a significant limitation of this study. Further research on liraglutide and other GLP-1 agonists for BED is warranted.",37034559.0,
SCR_004,screening,Psychological and quality of life changes in patients using GLP-1 analogues.,"AIMS: Using psychological and quality of life assessment tools, we prospectively studied changes in health-related quality of life and emotional well-being in patients who had commenced GLP-1 analogue therapy (exenatide) and compared them with new insulin starters. METHODS: Two matched groups of patients with type 2 diabetes who had suboptimal glycaemic control on oral medication were assessed using a battery of well-validated psychological and quality of life tests at baseline, prior to commencement of treatment and then again after 6 months of continuous therapy, along with body mass index (BMI) and hemoglobin A1c (HbA1c) measurements. RESULTS: In the exenatide-treated patient group (n=71), treatment satisfaction was greater (P<.05), as was the well-being score, at 6 months (P<.05), and the Hospital Anxiety and Depression Scale scores were significantly reduced (P<.05) when compared with the insulin-treated group (n=67). This was also found to be independent of changes in BMI in an analysis of covariance calculation. The effect size (using Cohen's d) of these changes was however relatively small. CONCLUSIONS: Although exenatide and insulin appear to have similar efficacy for the treatment of type 2 diabetes mellitus, there are several differences between them that could influence outcomes from a patient's perspective. Exenatide affects both physiological and psychological parameters. 'Well-being' generally tends to improve in exenatide-treated patients and could be used as an adjunctive therapy for depression in the context of diabetes. A larger study is required to confirm these interesting findings.",21601480.0,
SCR_005,screening,Treatment of Depression with Acupuncture Based on Pathophysiological Mechanism,"Depression is a prevalent mental disorder and has a profound impact on an individual's psychological and physical well-being. It is characterized by a persistently depressed mood, loss of interest, energy loss, and cognitive dysfunction. In recent years, more and more people have changed to mental diseases, such as depression, anxiety, mania and so on. In the incidence of depression, covering all ages, but still mainly young and middle-aged women. Traditional treatments for depression mainly rely on medication and psychotherapy, but these methods are not effective for all patients and are often accompanied by certain side effects. Therefore, finding safe and effective alternative or adjuvant treatments has become a priority. Here we highlight the research progress of acupuncture in the treatment of depression and to explore the mechanism of acupuncture in the treatment of depression. Acupuncture treatment of depression is an ancient and effective method, the mechanism involves multiple biological pathways, for example, by regulating neurotransmitter levels, regulating the neuroendocrine axis, improving neuroplasticity, anti-inflammatory and other effects, improving emotional state and play an antidepressant role. To provide evidence to support the widespread use of acupuncture in clinical practice. We hope to provide new treatment ideas and methods for patients with depression, and even reduce the incidence of depression.",38314195.0,
SCR_006,screening,"Liraglutide and the management of overweight and obesity in people with schizophrenia, schizoaffective disorder and first-episode psychosis: protocol for a pilot trial","BACKGROUND: People with severe mental illness (SMI) are two to three times more likely to be overweight and obese than the general population and this is associated with significant morbidity and premature mortality. Although lifestyle interventions can support people with SMI to lose weight, some are unable to make the necessary lifestyle changes or, despite making the changes, continue to gain weight. OBJECTIVE: To assess the feasibility and acceptability of delivering a full-scale trial evaluating whether liraglutide 3.0 mg, a once-daily injectable therapy, may be an effective treatment of overweight and obesity in people with schizophrenia, schizoaffective disorder and first-episode psychosis. METHODS: Design: a single-centre, double-blind, randomised, placebo-controlled trial. SETTING: mental health facilities within Southern Health NHS Trust. PARTICIPANTS: 60 adults with schizophrenia, schizoaffective or first-episode psychosis prescribed antipsychotic medication will be recruited. Participants will be overweight or obese, defined by their baseline BMI which will be: • BMI ≥ 30 kg/m2 or • BMI ≥ 27 kg/m2 to < 30 kg/m2 in the presence of at least one weight-related consequence. This is in concordance with the current EU licence for liraglutide (maximum dosage 3.0 mg). INTERVENTION: participants will be allocated in a 1:1 ratio using a computer-based randomisation programme to either once-daily subcutaneously administered liraglutide or placebo, titrated to 3.0 mg daily, for 6 months. All participants will receive standardised written information about healthy eating and exercise at their randomisation visit. OUTCOMES: the main aim of the study is to gather data on recruitment, consent, retention and adherence. Qualitative interviews with a purposive sub-sample of participants and healthcare workers will provide data on intervention feasibility and acceptability. Secondary clinical outcome measurements will be assessed at 3 and 6 months and will include: weight, fasting plasma glucose, lipid profile, HbA1c level; and the Brief Psychiatric Rating Scale. DISCUSSION: This study should provide evidence of the potential benefits of liraglutide (maximum dosage 3.0 mg daily) on body weight and metabolic variables in people with schizophrenia, schizoaffective disorder and first-episode psychosis. It will also address the feasibility and acceptability of the use of liraglutide in mental health settings. This will inform the design of a longer outcome study that will be needed to determine whether any weight loss can be maintained in the long term. TRIAL REGISTRATION: Universal Trial Number (UTN), ID: U1111-1203-0068. Registered on on 2/10/2017. European Clinical Trials Database (EudraCT), ID: 2017-004064-35. Registered on 3/10/2017.",31747930.0,
SCR_007,screening,The crucial role of beta-catenin in the osteoprotective effect of semaglutide in an ovariectomized rat model of osteoporosis.,"Postmenopausal osteoporosis is a common chronic medical illness resulting from an imbalance between bone resorption and bone formation along with microarchitecture degeneration attributed to estrogen deficiency and often accompanied by other medical conditions such as weight gain, depression, and insomnia. Semaglutide (SEM) is a recently introduced GLP-1 receptor agonist (GLP-1RA) for the treatment of obesity and type 2 diabetes mellitus by mitigating insulin resistance. It has been discovered that the beneficial effects of GLP-1 are associated with alterations in lipolysis, adipogenesis, and anti-inflammatory processes. GLP-1 analogs transmit signals directly to adipose tissue. Mesenchymal stem cells (MSCs) are multidisciplinary cells that originate from bone marrow, migrate to injury sites, and promote bone regeneration. MSCs can differentiate into osteoblasts, adipose cells, and cartilage cells. Our aim is to investigate the role of semaglutide on bone formation and the Wnt signaling pathway. Osteoporosis was induced in female rats by ovariectomy, and the ovariectomized rats were treated with alendronate as standard treatment with a dose of 3 mg/kg orally and semaglutide with two doses (150 mcg/kg and 300 mcg/kg) S.C. for 10 successive weeks. Semaglutide ameliorates bone detrimental changes induced by ovariectomy. It improves bone microarchitecture and preserves bone mineral content. Semaglutide ameliorates ovariectomy-induced osteoporosis and increases the expression of β-catenin, leading to increased bone formation and halted receptor activator of nuclear factor kappa-Β ligand (RANKL's) activation. Semaglutide can be used as a potential prophylactic and therapeutic drug against osteoporosis, possibly by activating Wnt signaling and decreasing bone resorption.",39254876.0,
SCR_008,screening,Association between Symptoms of Depression and Generalised Anxiety Disorder Evaluated through PHQ-9 and GAD-7 and Anti-Obesity Treatment in Polish Adult Women.,"Obesity impacts mental health greatly. Psychological factors may influence the effectiveness of its treatment. This study aimed to compare symptoms of generalised anxiety disorder and depression among adult women across different weight categories. The study sample comprised 1105 adult women. The computer-assisted web interview (CAWI) utilising the seven-item Generalised Anxiety Disorders Scale (GAD-7) and the nine-item Patient Health Questionnaire (PHQ-9) was used. Both GAD-7 and PHQ-9 scores correlated positively with BMI (r = 0.121, p < 0.001 and r = 0.173, p < 0.001, respectively) and negatively with age (r = -0.106, p < 0.001 and r = -0.103, p < 0.001, respectively). Patients undergoing treatment with semaglutide scored lower for both anxiety symptoms (8.71 ± 6.16, p = 0.013) and depression symptoms (9.76 ± 6.37, p = 0.013). Women who underwent bariatric surgery screened less frequently for anxiety (8.03 ± 6.27, p = 0.002) but not for depression. An interdisciplinary approach involving mental health professionals within the therapeutic team can comprehensively address factors contributing to obesity development and treatment outcomes. Further investigation of semaglutide's use is needed due to the promising evidence suggesting a positive effect on decreasing the severity of depression and anxiety symptoms to assess the direct or indirect character of this influence.",39125320.0,
SCR_009,screening,Psychosocial Outcomes in Telemedicine and Long-Acting Incretin-Specific Behavioral Intervention.,"BACKGROUND: Newer generation anti-obesity medications such as semaglutide and tirzepatide are highly efficacious, resulting in a proliferation of telehealth prescribers. Few, however, augment medication with a behavioral intervention, and little research has examined the impact of these medications on psychosocial variables. OBJECTIVE: This study evaluated the efficacy of a telehealth provision of semaglutide/tirzepatide with a virtual behavioral program on psychosocial outcomes at 12 and 24 weeks. METHODS: In this single-arm pragmatic trial, 180 participants (M age = 44.1; 91% female; 81% white; M weight = 102.6 kgs) were recruited from a telemedicine obesity program (WeightWatchers Clinic) and offered an adjunctive virtual behavioral program tailored for patients on long-acting incretin therapy. Participants completed the PHQ-8 measuring depression, Perceived Stress Scale, Self-Compassion Scale, WHO-5 measuring well-being, Weight Bias Internalization Scale-2F and Impact of Weight on Quality of Life-Lite at baseline, 12 and 24 weeks. Wilcoxon signed-rank tests were conducted to evaluate outcome differences. p values were adjusted using a False Discovery Rate approach. Intent-to-treat analysis was performed using last observation carried forward (LOCF). RESULTS: There were significant improvements from median baseline to 24 weeks in measures of depression (-2), perceived stress (-3), well-being (3), weight bias internalization (-0.6), and impact of weight on quality of life (-18). All p's < 0.001 in the baseline to 24-week analyses with similar results shown at 12 weeks. CONCLUSIONS: Virtually delivered obesity treatment combining telemedicine and a long-acting incretin-specific behavioral program demonstrated clinically significant improvements in psychosocial outcomes over 24 weeks.",42256457.0,
SCR_010,screening,"Decreased Risk of Anxiety in Diabetic Patients Receiving Glucagon-like Peptide-1 Receptor Agonist: A Nationwide, Population-Based Cohort Study.","Background: Previous findings on using Glucagon-like peptide-1 receptor agonist (GLP1-RA) as an antidepressant were conflicting, lacking large-scale studies. We used population-based data to investigate depression and anxiety risk in diabetic patients receiving the medication. Methods: From claims records of the National Health Insurance Research Database (NHIRD) of Taiwan, we identified cohorts of 10,690 GLP1-RA users and 42,766 propensity score-matched patients without GLP1-RA use from patients with diabetes mellitus (DM) diagnosed in 2011-2017, matched by age, gender, index year, occupation, urbanization, comorbidities, and medications. Incidence, hazard ratios (HR) and 95% confidence interval (CI) of depression and/or anxiety were estimated by the end of 2017. Results: The overall combined incidence of anxiety and/or depression was lower in GLP1-RA users than in non-users (6.80 versus 9.36 per 1,000 person-years), with an adjusted HR adjusted hazard ratio (aHR) of 0.8 (95% CI: 0.67-0.95) after controlling for covariates. The absolute incidence reduction was greater in anxiety (2.13 per 1,000 person-years) than in depression (0.41 per 1,000 person-years). The treatment effectiveness was significant for women. Patients taking GLP1-RA for longer than 180 days had the incidence of anxiety reduced to 2.93 per 1,000 person-years, with an aHR of 0.41 (95%CI: 0.27-0.61), compared to non-users. Dulaglutide could significantly decrease risks of both anxiety and depression. Conclusion: Patients with DM receiving GLP1-RA therapy have a greater reduction of the risk of anxiety than that of depression. Our findings strengthen previous research that advocated possible anti-depressant or anxiolytic effects of GLP1-RA and may lead to improved treatment adherence among patients with DM.",35281896.0,
SCR_011,screening,Cardiovascular and kidney outcomes of GLP-1 receptor agonists in adults with obesity: A target trial emulation study.,"AIMS: Glucagon-like peptide-1 receptor agonists (GLP-1RAs) provide cardiovascular and renal benefits in type 2 diabetes, but their real-world effects in individuals with obesity without diabetes are unclear. This study aimed to evaluate the cardiovascular and kidney outcomes of GLP-1RAs versus other anti-obesity medications (AOMs) in adults with obesity. MATERIALS AND METHODS: This target trial emulation used TriNetX electronic health records (July 2021-May 2025) to identify adults with obesity and no diabetes history who initiated GLP-1RAs (liraglutide, semaglutide, or tirzepatide) or other AOMs. Outcomes included major adverse cardiovascular events (MACE), major adverse kidney events (MAKE), all-cause mortality, mental health conditions, and safety outcomes. Propensity score matching (1:1) balanced baseline characteristics; Cox models estimated hazard ratios (HRs) with 95% confidence intervals (CIs). RESULTS: The study included 140 169 matched pairs of GLP-1RA and AOM initiators. Mean follow-up was 392 days for GLP-1RA users and 564 days for AOM users. Compared to AOMs, GLP-1RA use was associated with lower risks of MACE (HR, 0.76; 95% CI, 0.72-0.81), MAKE (HR, 0.64; 95% CI, 0.55-0.74), and all-cause mortality (HR, 0.49; 95% CI, 0.42-0.57). Mental health outcomes also improved, with reduced risks of depression (HR, 0.63), suicidal ideation/attempt (HR, 0.42), and substance use disorder (HR, 0.58). GLP-1RAs were not associated with increased risks of acute pancreatitis (HR, 1.17), hypoglycemia (HR, 1.08), or gastrointestinal symptoms (HR, 0.99). CONCLUSIONS: Among adults with obesity but without diabetes, GLP-1RA use was associated with reduced cardiovascular, kidney, mortality, and mental health risks compared to other AOMs.",40874398.0,
SCR_012,screening,Polyethylene glycol loxenatide improves cognitive and emotional performance in patients with type 2 diabetes: a 12-week multicenter clinical observational study.,"BACKGROUND AND PURPOSE: Patients with type 2 diabetes mellitus (T2DM) are at higher risk of developing cognitive impairment and mood disorders. At present, the effect of glucagon-like peptide-1 receptor agonist (GLP-1 RA) on cognitive function in these patients has gained attention. This study explores changes in cognitive and emotional functions and the influencing factors in patients with T2DM, following polyethylene glycol loxenatide (PEG-Loxe) treatment. METHODS: This study was conducted from April 2022 to January 2024 in the endocrinology departments of 16 hospitals. Patients with T2DM who had inadequate glycemic control despite at least 8 weeks of stable dietary modifications, exercise, and hypoglycemic drug therapy were enrolled. These patients received PEG-Loxe (0.2 mg/week for 12 weeks) along with their current treatment. Cognitive and emotional performances were assessed alongside blood tests for clinical indicators like glucose and lipid levels. RESULTS: A total of 269 patients were enrolled in this study. Treatment with PEG-Loxe showed statistically significant differences in Montreal Cognitive Assessment (MoCA), Self-Rating Depression Scale (SDS), and Self-Rating Anxiety Scale (SAS) scores before and after treatment. Correlation analysis revealed that changes in both fasting blood glucose (∆FBG) and 30-minute postprandial blood glucose (∆30-min PBG) were significantly negatively correlated with ∆MoCA (r = − 0.269, P < 0.001; r = − 0.196, P = 0.007). A generalized linear model (GLM) showed that FBG significantly impacted cognitive improvement (P < 0.001), with a coefficient of − 0.1455, indicating that each unit increase in FBG reduced MoCA score by 0.1455 points. The intercept of the model was 0.6740 and was significant (P < 0.001). CONCLUSION: After 12 weeks of PEG-Loxe treatment, cognitive function and anxiety and depression symptoms in patients with T2DM were significantly improved. The glycemic control status was also significantly correlated with cognitive performance. This study confirmed that PEG-Loxe offers added benefits for cognitive improvement in T2DM management.",41661444.0,
SCR_013,screening,"Home-based Intervention with Semaglutide Treatment of Neuroleptic-Related Prediabetes (HISTORI): protocol describing a prospective, randomised, placebo controlled and double-blinded multicentre trial","INTRODUCTION: Subjects with schizophrenia have a 2-3 fold higher mortality rate than the general population and a reduced life expectancy of 10-20 years. Approximately one-third of this excess mortality has been attributed to obesity-related type 2 diabetes (T2D) and to cardiovascular disease. Glucagon-like peptide-1 (GLP-1) analogues increase satiety and delay gastric emptying, thereby reducing food intake and weight. GLP-1 analogues also exert beneficial effects on cardiovascular outcomes in high-risk patients with T2D.Our aim is to investigate whether 30 weeks add-on treatment with the GLP-1 analogue semaglutide can reduce HbA1c sufficiently to reverse pre-diabetes and the metabolic syndrome in overweight schizophrenic patients. METHODS AND ANALYSIS: We will perform a 30 week, two-armed, multicentre, superiority, double-blinded, randomised trial investigating the effect of weekly injections of semaglutide versus placebo in mental health facilities in Region of Southern Denmark and Region of Zealand, Denmark. In total, 154 adults with schizophrenia spectrum disease, aged 18-60 years treated with second generation antipsychotic treatment, HbA1c 39-47 mmol/mol and body mass index >27 kg/m2 will be randomised to injections of 1.0 mg semaglutide or placebo. The primary outcome is changes in HbA1c. Secondary outcomes encompass metabolic measures, psychotic symptoms and quality of life. Exploratory outcomes encompass insulin sensitivity, cardiovascular risk profile, medication adherence, general well-being and physical activity. ETHICS AND DISSEMINATION: This study will be carried out in accordance with the Declaration of Helsinki and Good Clinical Practice guidelines. This research has obtained approval from both the Danish Medicines Agency and The Regional Committees on Health Research Ethics for Southern Denmark. TRIAL REGISTRATION NUMBER: NCT05193578 European Clinical Trials Database Number (EudraCT) 2020-004374-22, Regional Ethical Committee number S-20200182.",38503415.0,
SCR_014,screening,"Evaluating potential predictors of weight loss response to liraglutide in adolescents with obesity: A post hoc analysis of the randomized, placebo-controlled SCALE Teens trial.","BACKGROUND: As childhood obesity prevalence increases, determining which patients respond to anti-obesity medications would strengthen personalized approaches to obesity treatment. In the SCALE Teens trial among pubertal adolescents with obesity (NCT02918279), liraglutide 3.0 mg (or maximum tolerated dose) significantly reduced body mass index (BMI) standard deviation score on average versus placebo. That said, liraglutide effects on BMI reduction varied greatly among adolescents, similar to adults. OBJECTIVES: To identify post hoc characteristics predictive of achieving ≥5% and ≥10% BMI reductions at 56 weeks with liraglutide versus placebo in adolescents from the SCALE Teens trial. METHODS: Logistic regression analysis was performed in 251 adolescents treated with liraglutide (n = 125) or placebo (n = 126) for 56 weeks. Baseline characteristics (selected a priori) included sex, race, ethnicity, age, Tanner (pubertal) stage, glycemic status (hyperglycemia [type 2 diabetes/prediabetes] vs. normoglycemia), obesity category (Class II/III vs. I), severity of depression symptoms (Patient Health Questionnaire-9), and weight variability (weight fluctuations over time). The effects of early responder status (≥4% BMI reduction at week 16) on week 56 response were assessed using descriptive statistics. RESULTS: Baseline characteristics did not affect achievement of ≥5% and ≥10% BMI reductions at week 56 in adolescents treated with liraglutide. Further, there was no association between weight variability and BMI reduction. Early liraglutide responders appeared to have greater BMI and body weight reductions at week 56 compared with early non-responders. CONCLUSIONS: This secondary analysis suggests that adolescents with obesity may experience significant BMI reductions after 56 weeks of liraglutide treatment, regardless of their sex, race, ethnicity, age, pubertal stage, glycemic status, obesity category, severity of depression symptoms, or weight variability. Early response may predict greater week 56 response.",37264767.0,
SCR_015,screening,Liraglutide in Obese or Overweight Individuals With Stable Bipolar Disorder.,"BACKGROUND: Obesity is common among persons with bipolar disorder (BD). Liraglutide 3.0 mg/d subcutaneous injection is indicated for chronic weight management and associated with minimal adverse neuropsychiatric effects. This study evaluated whether liraglutide 3 mg/d reduced body weight, improved metabolic factors and eating psychopathology, and was safe and well tolerated in persons with stable BD who were obese (body mass index [BMI] >30 kg/m 2 ) or overweight (BMI ≥27 kg/m 2 ) with at least one weight-related comorbidity. METHODS: This was a 40-week, randomized (1:1 ratio), placebo-controlled, double-blind, parallel-group, 2-arm clinical trial of liraglutide targeted to 3.0 mg/d (in combination with a reduced-calorie diet and increased physical activity) in 60 participants with stable BD who were obese or overweight. Primary outcome was percent change in body weight from baseline to study end. Secondary outcomes included percentage of patients who lost ≥5% of baseline body weight, and changes in metabolic variables and measures of eating psychopathology. RESULTS: There were no significant baseline differences between the 29 liraglutide recipients and the 31 placebo recipients, except that liraglutide recipients had higher levels of binge eating and lower levels of high-density lipoprotein cholesterol. Compared with placebo, liraglutide was associated with significantly greater reductions in percent change in body weight, percentage of participants who lost at least 5% of body weight, and reductions in weight, BMI, hemoglobin A 1c levels, binge eating, and hunger. Liraglutide was well tolerated. CONCLUSIONS: Liraglutide 3 mg/d may be efficacious and safe for weight loss in individuals with stable BD and obesity or overweight. TRIAL REGISTRATION: ClinicalTrials.gov (NCT03158805).",38227621.0,
SCR_016,screening,Potential of Glucagon-Like Peptide-1 (GLP-1) Receptor Agonists in Mitigating Metabolic Side Effects Associated With Clozapine or Olanzapine Therapy: A Literature Review,"Clozapine and Olanzapine can cause severe metabolic side effects, increasing cardiovascular risk. Glucagon-like peptide-1 (GLP-1) receptor agonists, primarily approved for use in patients with type 2 diabetes, may counter these effects by promoting weight loss, improving glucose metabolism, and enhancing cardiovascular health, offering a promising approach for managing antipsychotic-related metabolic complications. We conducted a literature review using the search terms ""clozapine OR olanzapine AND GLP-1 agonist,"" ""schizophrenia AND GLP-1 agonist,"" ""antipsychotic AND GLP-1 agonist,"" and ""psychosis AND GLP-1 agonist"" on PubMed and Google Scholar. This search initially yielded 172 articles. We focused on clinical trials or case reports investigating the use of GLP-1 agonists in conjunction with Olanzapine or Clozapine. Our final selection included two clinical trial studies, one case report, and a retrospective study. In a case report, a schizophrenic patient on Clozapine treated with liraglutide experienced a reduction in glycated hemoglobin (HbA1c ), from 10% to 6.5% over 14 months, along with a total weight loss of 7.7 kg (8.7% body weight reduction) after two years, and decreased insulin requirements. In a retrospective study reviewing 16 obese patients with schizophrenia treated with liraglutide, of whom 14 were on Clozapine, significant reductions in body weight, waist circumference, body mass index (BMI), and plasma glucose levels were observed over 16 weeks (P < 0.001). A randomized clinical trial with 103 patients, with diagnoses within the schizophrenia spectrum disorders, who have been treated with Olanzapine or Clozapine, and liraglutide, showed significant improvement in glucose tolerance when compared to placebo (P < 0.001), with 63.8% of liraglutide-treated patients achieving normal glucose tolerance versus 16.0% in the placebo group. Additional benefits included significant reductions in body weight, waist circumference, blood pressure, visceral fat, and low-density lipoprotein (LDL) cholesterol levels. In another outpatient study with 28 participants randomized to receive subcutaneous, extended-release exenatide in one arm, or standard of care in the other arm for 24 weeks, six participants in the exenatide group achieved more than 5% weight loss, compared to just one in the usual care group (P = 0.029). The exenatide group experienced significantly greater mean weight loss compared to the usual care group (P = 0.015). Additionally, the exenatide group showed a more substantial reduction in BMI (P = 0.019) and improved glycemic control, with significant reductions in fasting glucose (P = 0.036) and glycated hemoglobin (P = 0.004) compared to the usual care group. This review underscores the need for future studies that involve the use of GLP-1 agonists in conjunction with Clozapine or Olanzapine. Although results from preliminary studies are promising, there is a need for more randomized controlled clinical trials to validate these findings, assess long-term efficacy, and develop clinical guidelines.",42317925.0,
SCR_017,screening,Potential protective role of GLP-1 receptor agonists for lithium-induced nephrotoxicity: a population-based observational study.,"OBJECTIVES: We hypothesized that semaglutide, a glucagon-like peptide-1 receptor agonist (GLP-1 RA) and treatment currently U.S. Food and Drug Administration (FDA) approved to reduce worsening of kidney disease and kidney failure may protect against lithium-induced nephrotoxicity. METHODS: Renal adverse events (AEs) reported to the FDA Adverse Event Reporting System (FAERS) between December 2003 and December 2024 were analyzed using the validated OpenVigil 2.1 platform. Reporting odds ratios (RORs) were computed for the MedDRA terms renal impairment, renal failure, chronic kidney disease (CKD), end-stage renal disease (ESRD), and acute kidney injury (AKI) in association with lithium, semaglutide, and their co-reporting. A disproportionality signal was considered statistically significant when p < 0.05, and the lower bound of the information component (IC025) was greater than 0. RESULTS: Lithium was associated with significantly elevated reporting odds across all renal AEs, with each outcome exceeding statistical signal thresholds (p < 0.0001, IC025 > 0). In contrast, semaglutide demonstrated inverse associations for renal impairment, renal failure, CKD, and ESRD (RORs = 0.25-0.54), and a neutral association for AKI (ROR = 0.96); however, none met the criteria for a disproportionality signal (IC025 < 0). Co-reported use of lithium and semaglutide did not yield a significant signal for any renal outcome, including AKI (ROR = 5.81, p = 0.015, IC025 < 0). CONCLUSIONS: This observation, provides impetus to conduct adequate, thorough, mechanistic, clinical, and observational studies to determine whether semaglutide (and/or other incretin receptor agonists) could possibly mitigate the risk for, and/or modify the trajectory of, lithium-induced nephrotoxicity.",41220244.0,
SCR_018,screening,Association between diabetes and mood disorders and the potential use of anti-hyperglycemic agents as antidepressants.,"Epidemiological and mechanistic studies support the association between Diabetes Mellitus and mood disorders, such as Major Depressive Disorder and Bipolar Disorder. This association is especially relevant in specific domains of depressive psychopathology, such as disturbances in reward systems and cognitive functions. Several anti-hyperglycemic agents have demonstrated effects on depressive symptoms and cognitive decline and this efficacy is probably the result of an action in shared brain targets between these two groups of conditions. These medications include subcutaneous insulin, intranasal insulin, metformin, and liraglutide. The study of the mechanisms involved in the relationship between Diabetes Mellitus and mood disorders offers a new avenue of investigation, and this understanding can be applied when examining whether antidiabetic agents can be repurposed as antidepressants and mood stabilizers. The objective of this narrative review is to critically appraise the literature surrounding drugs commonly used as anti-hyperglycemic agents and their effects on the brain, while discussing their potential as a new treatment for mental illnesses, and specifically, mood disorders.",31352032.0,
SCR_019,screening,Association of Glucagon-Like Peptide-1 Receptor Agonists and Suicidality: A Systematic Review.,"INTRODUCTION: Increased risk of suicidality has been reported in association with glucagon-like peptide receptor agonist (GLP-1 RA) prescription. Herein, we conducted a comprehensive review evaluating reports of GLP-1 RA prescription and suicidality. METHODS: Relevant articles were retrieved from OVID (Medline, EMBASE, AMED, PsycINFO, JBI EBP Database), PubMed, and Web of Science from inception to May 20, 2024. Primary research examining the association between GLP-1 RAs (i.e., dulaglutide, exenatide, liraglutide, lixisenatide, semaglutide, tirzepatide) and suicidality were included for analysis. RESULTS: Our findings indicate liraglutide (reported odds ratio [ROR] = 3.26, 95% CI = 2.53, 4.22) and semaglutide (ROR = 1.73; 95% CI = 0.30, 0.80) are significantly associated with a greater odds ratio of reported suicidal ideation. Similarly, tirzepatide was associated with greater odds of reported suicidal ideation; however, this was nonsignificant (ROR = 1.49; 95% CI = -0.41, 1.21). Similarly, semaglutide (ROR = 8.81; 95% CI = 3.69, 21.04) and liraglutide (ROR = 3.74; 95% CI = 1.23, 11.38) are also associated with a greater odds ratio of reported suicidal depression. No significant association between other GLP-1 RAs and suicidality was observed. DISCUSSION: Reports of aspects of suicidality and exposure to select GLP-1 RAs exist; notwithstanding, no causality between GLP-1 RA exposure and suicidality is apparent.",41792979.0,
SCR_020,screening,"A comparison of Glucagon-like peptide-1 receptor agonists on weight change, side effects, and quality of life in Kuwait.","INTRODUCTION: An estimated 74.6% of Kuwaiti adults are classified as overweight or obese. As a result, Glucagon-like peptide 1 receptor agonists (GLP-1 RA) injections such as, Semaglutide, Liraglutide, and Tirzepatide have become an increasingly popular intervention for weight loss. However, no research has been published on the use of GLP-1 RA injections in Kuwait. METHODS: A cross-sectional study using an online survey was conducted between February and May 2024. Adults in Kuwait who have taken or are currently on GLP-1 RA injections were recruited. The questionnaire collected demographic and clinical data, including weight-loss, side-effects, and quality of life. RESULTS: In this sample of N = 486, Tirzepatide users (N = 132; 27.8%) reported significantly higher monthly and annual weight-loss (4.76 ± 2.82 kg/month; 8.48 ± 4.04 kg/year), and greater satisfaction (88%) and improved quality of life (60%) compared to both Semaglutide (N = 181; 37.2%) and Liraglutide (N = 152; 31.3%), respectively. Side-effects varied: Tirzepatide users experienced more belching while Liraglutide reported higher anxiety levels and switching GLP-1 RA medication. No significant differences were found in BMI, following a diet, or compliance to treatment across the different GLP-1 RA groups. DISCUSSION: This study highlights the varying effectiveness and tolerability of GLP-1 RAs for weight loss in Kuwait, with Tirzepatide showing the highest satisfaction and weight loss. Liraglutide users experienced more anxiety and medication switches, while Semaglutide users had moderate outcomes. Despite their benefits, GLP-1 RAs face challenges in long-term adherence due to side effects and cost.",40458827.0,
SCR_021,screening,"An Open-Label, Single-Center Proof of Concept Study Evaluating the Efficacy and Safety of Tirzepatide for Moderate to Severe Hidradenitis Suppurativa.","BACKGROUND: Hidradenitis suppurativa (HS) is a chronic inflammatory disease associated with obesity and metabolic dysregulation. Current therapies yield variable benefits and do not target metabolic drivers. Tirzepatide, a dual GLP-1/GIP receptor agonist, induces weight loss and exerts anti-inflammatory effects, offering a potential novel approach for the treatment of HS. OBJECTIVES: To evaluate the efficacy and safety of tirzepatide in adults with moderate-to-severe HS. METHODS: In this open-label, single-center, single-arm proof-of-concept study, 20 adults with moderate-to-severe HS (Physician's Global Assessment greater than or equal to 3; BMI greater than or equal to 27) received once-weekly tirzepatide, titrated to maximum tolerated dose, for 24 weeks, followed by an 8-week washout. The primary endpoint was Hidradenitis Suppurativa Clinical Response (HiSCR) at week 24. Secondary endpoints included changes in PGA, Dermatology Life Quality Index (DLQI), pain visual analog scale (VAS), and Hospital Anxiety and Depression Scale (HADS). Analyses were conducted using an intention-to-treat approach. RESULTS: At week 24, 16 of 20 participants (80.0%; P&lt;0.00001) achieved HiSCR. Improvements were also observed in DLQI, VAS, and PGA scores, with some benefits persisting through week 32. Treatment was well tolerated, with high adherence and favorable metabolic effects. LIMITATIONS: Single-center, open-label design, modest sample size. CONCLUSIONS: Tirzepatide demonstrated promising efficacy and tolerability in patients with moderate-to-severe HS and obesity. Larger randomized trials are warranted to confirm efficacy, durability, and safety. &nbsp.",41329144.0,
SCR_022,screening,[Effects of semaglutide on mental health].,"Semaglutide is a glucagon-like peptide-1 receptor agonist, approved and currently actively used worldwide for the treatment of type 2 diabetes mellitus and obesity. With the growing popularity of the drug, reports of both adverse and beneficial effects of the drug on mental health have become more frequent. The purpose of this study is to review the impact of semaglutide on mental health by collecting, analyzing, and synthesizing current scientific evidence. The authors conclude that currently there is no unequivocal opinion on this matter, which opens up new horizons for future research.",41051803.0,
SCR_023,screening,"Effects of six months treatment with liraglutide among patients with psoriasis and obesity, beyond metabolic control?","INTRODUCTION: Obesity and psoriasis are two closely related chronic diseases and share multiple comorbidities. The common etiopathogenic basis would be a low-grade chronic inflammation, with a cross talk between adipose tissue and the skin. Obesity in patients with psoriasis results in a worse prognosis of the lesions and reduces the effectiveness of treatment. OBJECTIVES: To assess the mid-term effect of liraglutide 3mg on anthropometric and morphofunctional, biochemical, and dermatological parameters in patients with psoriasis and obesity. MATERIAL AND METHODS: 48 patients were included (52.1%♀, age 48.7±11.8 years, BMI 37.9±5.6kg/m2, psoriasis duration 17.8±11.1 years). The severity of the lesions was evaluated with the PASI (Psoriasis Area Severity Index) and the VAS (pain visual analog scale), and DLQI (Dermatology Quality Index) and the Beck depression test (BDI). Also, biochemical and anthropometric determinations were performed baseline and after 6 months. RESULTS: There was a reduction in BMI (37.9±5.6 vs 35±4.9; p<0.001), waist circumference (111.6±7 vs 104.7±9.3cm; p=0.001) and preperitoneal fat (1.6±0.6 vs 1.2±0.6cm; p<0.0001). PASI (12±8.4 to 4.3±2.9; p<0.0001), VAS (4.4±1.9 vs 2.2±1.6; p=0.003), DLQI (11.9±6.2 vs 4.8±3.4; p<0.0001) and BDI (15.5±3.6 vs 7.6±2.5; p<0.0001) improved significantly. C-reactive protein (3.9±3.1 vs 1.8±3.2mg/L; p<0.0001), homocysteine (13±3.3 vs 9.6±2.5μmol/L; p<0.0001), and plasma cortisol (12.5±4 vs 8.9±3.7μg/dL; p=0.001). In multiple regression analysis, dermatological improvement was independent of weight loss. CONCLUSIONS: Liraglutide exerts beneficial effects not only on BMI and visceral fat, but also reduces inflammatory parameters in patients with psoriasis and obesity, improving skin lesions and quality of life.",40267547.0,
SCR_024,screening,Retrospective chart review on psychiatric manifestations of GLP-1 agonist usage.,"BACKGROUND: Glucagon-like peptide-1 receptor agonists (GLP-1 RAs) are increasingly prescribed for type 2 diabetes mellitus and obesity. Beyond metabolic effects, GLP-1 signaling influences central pathways involved in mood, reward, and stress regulation, raising interest in possible psychiatric implications. METHODS: We conducted a retrospective chart review of adults (≥18 years) prescribed GLP-1 RAs at a private university hospital between January 2021 and April 2024. Demographic, medication, and psychiatric data were extracted from electronic health records. Primary outcomes included stability, improvement, worsening, or new onset of psychiatric disorders during treatment. RESULTS: Among 226 patients (mean age 53.5 years; 66.8 % female; mean BMI 33.6 kg/m2), semaglutide was most frequently prescribed (73 %). The mean treatment duration was 20.2 months, with an average 6.7 % weight loss. Major depressive disorder (MDD) and generalized anxiety disorder (GAD) were most prevalent (68.6 % and 65.9 % of patients, respectively). Most remained stable (MDD: 73.6 %; GAD: 78.5 %). New-onset MDD occurred in 9.0 % and GAD in 8.7 % of affected patients, with mean latencies of 15.8 and 16.8 months, respectively. Adjustment disorder, ADHD, and insomnia also emerged in a subset, with ADHD showing the shortest latency to onset (7.8 months). Rare new-onset alcohol use disorder, trichotillomania, and opioid use disorder were observed. CONCLUSIONS: GLP-1 RAs appear psychiatrically well-tolerated for most patients, though new-onset or worsening symptoms occur in a minority, underscoring the need for monitoring, particularly in high-risk populations. Prospective studies are warranted to clarify causality, mechanisms, and potential therapeutic roles in psychiatric care.",41616750.0,
SCR_025,screening,Site-Specifically Modified Peptide Inhibitors of Protein Tyrosine Phosphatase 1B and T-Cell Protein Tyrosine Phosphatase with Enhanced Stability and Improved In Vivo Long-Acting Activity,"Protein tyrosine phosphatase 1B (PTP1B) and TC-PTP can function in a coordinated manner to regulate diverse biological processes including insulin and leptin signaling, T-cell activation, and tumor antigen presentation, which makes them potential targets for several therapeutic applications. We have previously demonstrated that the lipidated BimBH3 peptide analogues were a new class of promising PTP1B inhibitors with once-weekly antidiabetic potency. Herein, we chemically synthesized two series of BimBH3 analogues via site-specific modification and studied their structure-activity relationship. The screened analogues S2, S6, A2-14, A2-17, A2-20, and A2-21 exhibited an improved PTP1B/TC-PTP dual inhibitory activity and achieved good stability in the plasma of mice and dogs, which indicated long-acting potential. In mouse models of type 2 diabetes mellitus (T2DM), the selected analogues S6, S7, A2-20, and A2-21 with an excellent target activity and plasma stability generated once-weekly therapeutic potency for T2DM at lower dosage (0.5 μmol/kg). In addition, evidence was provided to confirm the cell permeability and targeted enrichment of the BimBH3 analogues. In summary, we report here that site-specific modification and long fatty acid conjugation afforded cell-permeable peptidomimetic analogues of BimBH3 with enhanced stability, in vivo activity, and long-acting pharmacokinetic profile. Our findings could guide the further optimization of BimBH3 analogues and provide a proof-of-concept for PTP1B/TC-PTP targeting as a new therapeutic approach for T2DM, which may facilitate the discovery and development of alternative once-weekly anti-T2DM drug candidates.",38751623.0,
SCR_026,screening,"Real-World Comparison of Short-Term Adverse Events, Treatment Persistence, and Efficacy of Semaglutide and Tirzepatide: A Nationwide Multicenter Study.","INTRODUCTION: Real-world data directly comparing the safety, tolerability, and effectiveness of semaglutide and tirzepatide in patients with obesity remain limited. This nationwide multicenter observational study compared short-term adverse events, treatment discontinuation, body weight loss (BWL), and metabolic outcomes between the two treatments. METHODS: This study included 2,549 patients with obesity treated with semaglutide (n = 1,434) or tirzepatide (n = 1,115). Adverse events, including time to onset, dose at occurrence, and related discontinuation, were evaluated. Changes in BWL and metabolic parameters up to 6 months were assessed. Subgroup analyses were performed in patients with and without type 2 diabetes mellitus (T2DM). RESULTS: At least one adverse event occurred in 50.9% in the semaglutide group and 51.0% in the tirzepatide group (p = 0.524), with gastrointestinal events the most frequently reported. Overall adverse event rates were comparable between groups; however, musculoskeletal and allergic reactions were more common in the tirzepatide group. The onset of gastrointestinal, neuropsychiatric, musculoskeletal symptoms, and hypoglycemia occurred earlier in the tirzepatide group. Discontinuation due to adverse events was similar between groups, except for pancreatic events, which were more frequent in the semaglutide group (p = 0.006). Tirzepatide was associated with greater early BWL at all time points. At 6 months, median percentage BWL was 12.6% with semaglutide and 14.4% with tirzepatide. HbA1c reductions were comparable between groups in patients with T2DM. CONCLUSION: In real-world clinical practice, semaglutide and tirzepatide show similar short-term tolerability and treatment persistence, although tirzepatide is associated with a higher incidence of musculoskeletal and allergic reactions and greater early BWL.",42030208.0,
SCR_027,screening,Computational phenotyping of effort-based decision-making in type-2 diabetes on and off semaglutide.,"Motivation plays a fundamental role in human behaviour. Dopaminergic pathways have long been implicated in individual differences in motivation. Emerging evidence suggests such neural mechanisms interact with metabolic processes to coordinate energy expenditure with energy resources, thereby linking motivation with metabolic health. We ask whether a cognitive-computational index of motivation-reliably linked to neuropsychiatric symptoms-is altered in the context of type-2 diabetes and treatment with a GLP-1 agonist (semaglutide). In a pre-registered experiment, we quantified computational effort-based decision-making parameters in participants with diabetes on (N = 58) or off (N = 54) semaglutide treatment, compared to two groups of matched controls without diabetes (N = 58 each). Subjects with type-2 diabetes showed a blunted acceptance bias, a computational parameter describing the bias to accept effort for reward. This effect was not driven by neuropsychiatric comorbidity or antidepressant use. Across all participants, we found that increasing diabetes risk linearly predicted reduced acceptance bias. Participants with diabetes treated with semaglutide did not show restored motivation. Metabolic ill-health is associated with reduced acceptance bias during motivational decision-making. This blunting mirrors-but is largely independent of-neuropsychiatric motivational deficits. This suggests metabolic ill-health is accompanied by a cognitive shift towards energy conservation, potentially contributing to comorbidity between metabolic ill-health and mental illness.",42086986.0,
